"id","name","side","avg_bat_speed","swing_tilt","attack_angle","attack_direction","ideal_attack_angle_rate","avg_intercept_y_vs_plate","avg_intercept_y_vs_batter","avg_batter_y_position","avg_batter_x_position","competitive_swings"
519317,"Stanton, Giancarlo","R","80.620201027",27.9289177805572,10.465511689567268,-4.249248846862947,0.6205357142857143,-0.9878568816488067,25.850922215970517,26.83877909761932,33.79211283221921,448
665833,"Cruz, Oneil","L","78.784484449",33.44867322640923,9.173858349586675,-7.292548965830319,0.47794117647058837,7.53953680167729,35.36773169528871,27.828194893611432,26.723138139493678,816
691406,"Caminero, Junior","R","78.537769633",26.211023825261865,7.998660224356182,-5.322043650880697,0.5939505041246564,7.6910205355416625,35.927820525305485,28.236799989763817,28.636935332181448,1091
656180,"Adams, Riley","R","78.30455994",34.63606296887628,8.452584134327875,-1.0266353301649476,0.40399999999999997,2.1138205181188034,30.644403429943974,28.53058291182516,29.037886054229926,500
691023,"Walker, Jordan","R","78.069257522",31.41535929585458,6.175581936973642,-5.3248204428916095,0.4766763848396501,6.2695041028458265,30.065739970239466,23.796235867393637,31.757730041018498,686
678877,"Noel, Jhonkensy","R","77.867274118",29.096531853284812,6.732518842787215,-5.012344050236834,0.43137254901960786,6.747904456385581,35.687589490417395,28.939685034031818,33.51585357100833,306
666176,"Adell, Jo","R","77.613888062",33.82998979987913,7.995368341816651,-5.874203568643218,0.49515503875968997,0.06296637958043046,26.14700720722481,26.084040827644383,28.094988596885646,1032
695506,"Caglianone, Jac","L","77.409733367",28.474347965386787,8.531603092810684,-4.051575848107649,0.4948979591836735,10.972573797632135,32.860346957297935,21.8877731596658,28.97923902999557,392
656941,"Schwarber, Kyle","L","77.316244517",30.31374415431164,14.573284542712004,-5.794832329293636,0.6432337434094902,12.350078923273381,33.42247019586004,21.072391272586657,25.299059756177805,1138
671286,"Rodríguez, Johnathan","R","77.272999919",31.58991054857763,7.346176027115059,-2.598597440284844,0.29268292682926833,5.147732473881791,34.82320118364572,29.675468709763933,29.06764875629222,123
701762,"Kurtz, Nick","L","77.216198269",39.08201892392702,14.221900629166969,1.81759994222091,0.48076923076923084,1.3216538580427906,24.75380355168219,23.432149693639392,27.741253815479023,728
695657,"Montgomery, Colson","L","77.0448783",32.84445104779426,11.501777223987778,-8.664327096139672,0.5242914979757085,2.6157821303918536,34.857540920187354,32.24175878979549,28.116495956535687,494
592450,"Judge, Aaron","R","76.992197803",38.42581868290557,14.079290363503159,-6.045215135255592,0.5083743842364531,4.316419710496246,30.554699746868632,26.238280036372384,33.0966693772987,1015
665489,"Guerrero Jr., Vladimir","R","76.664463484",27.400090799350835,1.2420512464952638,-4.4212065152221784,0.30636461704422874,6.57606136450804,34.415938646415285,27.839877281907246,28.987232988700097,927
670242,"Wallner, Matt","L","76.567157042",28.221171638203614,12.508090105913537,-6.206166173680726,0.5656565656565657,10.56900606634161,37.33370608423179,26.764700017890185,31.355995478505466,693
641343,"Bauers, Jake","L","76.452483468",34.46441684631698,12.056851472652903,-2.9682292075854892,0.5000000000000001,-0.2599115325398911,29.40599213760142,29.665903670141308,26.457372991522664,346
677594,"Rodríguez, Julio","R","76.437334686",31.72489162532685,6.907679393596662,-1.4440459422524068,0.4636963696369636,11.956969934439584,32.288754143514296,20.331784209074705,29.705195771201886,1212
660670,"Acuña Jr., Ronald","R","76.414268656",38.71279583046434,11.874335218131353,6.162005269424573,0.5091937765205092,-1.070137545930922,30.199998845873594,31.27013639180452,25.48062667860563,707
670541,"Alvarez, Yordan","L","76.132676551",36.68460470327868,10.175033475917195,-4.940212250779223,0.4050632911392405,10.37992310881122,36.07786474508413,25.697941636272912,28.165840453322513,316
669003,"Mitchell, Garrett","L","76.117896017",31.703118394189566,9.975928342194294,7.2944866574330725,0.6440677966101696,-4.218188965829455,27.66118397688031,31.87937294270976,28.027923046974323,118
656577,"Jackson, Alex","R","76.106544651",30.83296121700408,11.663602325483676,-8.658998713000543,0.5116279069767442,4.706719973070746,35.45003997397292,30.74332000090217,27.30414027496737,172
695578,"Wood, James","L","76.045597784",39.68235698455727,11.101308587103793,1.9191682044087297,0.4188532555879495,1.7085815559659774,32.67824399080478,30.96966243483879,30.133122591809364,1029
575929,"Contreras, Willson","R","75.993222084",32.781486994271745,9.431176301381198,-1.7685739332794093,0.4730021598272139,5.3276165247128215,27.94332223199666,22.61570570728384,30.312338760464563,926
666624,"Morel, Christopher","R","75.970519783",27.26168974309744,14.924126944167536,-9.237585658736263,0.6865942028985508,7.012929108426491,34.4555858022055,27.442656693779018,26.37997579984831,552
672744,"Canario, Alexander","R","75.96625729",35.16700771613607,13.555756379193262,1.90548688043285,0.47897196261682234,0.6362603495896076,28.949678631881532,28.31341828229192,27.54464113600493,428
663609,"Baker, Luken","R","75.965784615",28.958886781153744,10.079584781837672,-4.969543068514595,0.6769230769230768,4.7215997587231024,31.359949574165594,26.63834981544249,28.840734710332722,65
680718,"Barger, Addison","L","75.928020187",28.80956382711221,9.064356337093459,-4.9955972667247694,0.5099415204678365,-1.668247184954393,31.528780737756318,33.19702792271072,25.471787423449562,855
663586,"Riley, Austin","R","75.887103088",32.17117294195418,10.83940765255455,-4.470596731919,0.45625000000000016,6.746037709035645,35.58461162045766,28.83857391142201,28.165670801381697,800
595751,"Alfaro, Jorge","R","75.876752955",35.526878278678424,3.6849867873543687,6.852939162264869,0.36363636363636365,-3.9219972439395017,24.488564845415738,28.410562089355235,26.494553339772224,88
660821,"Sánchez, Jesús","L","75.851158487",27.846344695775183,7.114634655420621,-1.7801513176787878,0.4818401937046006,8.702681116236121,35.02893739884836,26.326256282612242,28.420526509290877,826
660271,"Ohtani, Shohei","L","75.848867685",36.935268283849055,15.0282198481755,-2.008836709006549,0.5326370757180157,-1.3902365485919357,27.59519982903374,28.985436377625668,31.931798658016547,1149
677956,"Hinds, Rece","R","75.735458659",37.29856841726848,13.423054843541317,-16.26905034602797,0.3658536585365854,9.398738397395187,38.43839314020001,29.03965474280482,27.630381181117848,82
673357,"Robert Jr., Luis","R","75.613043555",36.51806479647003,12.167208968773298,-5.173875267912885,0.5394190871369294,-0.8051525489196159,30.483674700649257,31.288827249568882,27.19569714436174,723
662139,"Varsho, Daulton","L","75.60905042",29.778062080324933,12.893921866726092,-3.778196697871651,0.6238938053097344,-0.8196580863280445,28.052364186022718,28.87202227235077,25.995640636787474,452
682985,"Greene, Riley","L","75.60623192",44.61240496741287,13.875298233031204,1.2343969771376586,0.43585657370517933,2.1545433785603065,32.03076309095905,29.876219712398758,24.652797116024725,1255
676812,"McCusker, Carson","R","75.533286078",39.261963100019905,15.854198169740757,-3.722629822509097,0.39215686274509803,3.6812710927351313,28.53798811053068,24.856717017795546,32.648618239454386,51
694212,"Basallo, Samuel","L","75.494351542",29.994720505496627,9.701025541940005,-1.6124984281290824,0.5841121495327104,2.3589216458350863,34.139578121714,31.780656475878907,24.58373790451587,214
663662,"Cameron, Daz","R","75.437083867",32.754533185262126,5.101902391097886,-7.440148995615797,0.37333333333333335,5.040051206349925,31.304504297374272,26.26445309102435,27.259457721253206,75
683002,"Henderson, Gunnar","L","75.340720999",29.027434710468317,8.476002762860599,1.0064689756273881,0.5098963242224316,6.750812129244641,33.41835339001457,26.667541260769944,25.816405320983908,1061
686948,"Baldwin, Drake","L","75.302231992",31.68899222781591,9.352265242318648,3.1501254531215865,0.4807197943444729,2.146328564490961,28.719501721339782,26.57317315684882,28.21612681122981,778
624413,"Alonso, Pete","R","75.256778967",33.82423462296147,10.120207279092035,1.061159950194545,0.5984112974404237,3.8655743497012427,28.263390918913135,24.397816569211905,27.142813707928422,1133
663728,"Raleigh, Cal","R","75.240044431",34.31089763860445,17.86166745181776,-8.218157306014845,0.4516380655226209,7.496257289295143,35.95156896024095,28.4553116709458,24.492270561040808,1282
656541,"Hilliard, Sam","L","75.231027238",25.416554276062932,8.839954355666748,-2.747013497090324,0.49523809523809526,8.688157891881769,34.325322433576495,25.63716454169473,28.596853205201718,105
682663,"Ramírez, Agustín","R","75.23016891",25.177125204980644,7.31235585139398,-2.912382032686763,0.5322751322751325,2.0811429214953368,30.34310475296745,28.26196183147211,30.15480855084501,945
663624,"Mountcastle, Ryan","R","75.209663473",36.01840610769744,7.360111229782379,-1.0798127497162149,0.40376266280752526,2.009855335310069,27.594325650667415,25.584470315357347,31.116298606319315,691
701350,"Anthony, Roman","L","75.14686412",30.097268967689367,10.639293750743269,-1.3272170890045558,0.527710843373494,7.054215567273855,36.03692715998848,28.982711592714622,25.388379452563687,415
671213,"Casas, Triston","L","75.123075737",36.01359290657479,15.020794822059324,-5.20326604219787,0.43684210526315786,0.48078951469640285,32.80485391911983,32.324064404423424,29.497794833683816,190
672356,"Arias, Gabriel","R","75.07646303",29.07604523061735,9.727772887340214,1.2032604711156485,0.5367727771679472,5.266487707361551,34.410518262484615,29.144030555123063,35.60733784624775,911
621439,"Buxton, Byron","R","75.034829251",34.03725896491299,14.115132053393255,-6.234144958528194,0.5792291220556745,4.675556076565207,28.24010095412069,23.564544877555495,27.764556111202417,934
669065,"Stowers, Kyle","L","75.003284631",33.870218678222756,11.619666485816564,0.3132823292644257,0.5233415233415233,1.886390119277954,31.495004490475285,29.608614371197323,29.31055679158472,814
805904,"Cole, Zach","L","74.976982051",31.670888947912434,9.882834995401094,-1.0645392838733372,0.44871794871794873,3.0721224184002827,24.423941150580873,21.351818732180593,29.117884379630453,78
691373,"Garcia, Jhostynxon","R","74.966657143",38.35663990301706,12.63086765320088,2.169302136160148,0.2142857142857143,0.8680892883292579,28.048616369697058,27.180527081367796,25.194343343063764,14
656305,"Chapman, Matt","R","74.95186142",25.35009258873674,5.599078882144629,-3.8344804708417715,0.5327669902912622,-0.941809092102727,27.4435283709815,28.385337463084227,29.811188494701334,824
680769,"Alexander, CJ","L","74.881265313",36.54697401342001,12.720022685993248,-9.381428456149024,0.5625,1.8307145216701841,35.290556952886874,33.459842431216686,28.10395917261362,32
695600,"Jensen, Carter","L","74.87881096",26.57313551201877,3.46567361002857,1.7552917024921428,0.41600000000000004,10.902662432214779,36.04827805984399,25.145615627629216,27.06451926310303,125
687515,"Thomas, Colby","R","74.815456818",28.859922112733166,11.638337640075697,-5.0304662828061,0.5578512396694214,-1.2580264759114863,28.455832121175426,29.71385859708691,27.35516137458545,242
683146,"Baty, Brett","L","74.80152152",35.467199565185936,8.440326356430806,3.7345837158500212,0.4755927475592748,-3.381122833167756,26.65933238012651,30.040455213294265,30.2643379546015,717
683357,"Caissie, Owen","L","74.785902182",35.169834197599094,8.23205870263502,-0.5756643602208791,0.45454545454545453,1.8470415999748995,31.99026887687996,30.14322727690506,28.812883261747878,55
685301,"Gorski, Matt","R","74.7819525",31.45755579930065,16.488814649739457,-4.392190292735654,0.4625,7.817759157319604,37.16367609264088,29.34591693532127,27.718085348579525,80
680776,"Duran, Jarren","L","74.780223881",26.551073181921836,5.56657766719074,0.1817349346511273,0.44495412844036697,3.164591736287339,31.711843136756034,28.54725140046869,30.500117753568382,1090
657757,"Sheets, Gavin","L","74.776802238",27.54141141237532,8.395073987982878,-7.481557752534963,0.5393013100436682,4.851930975765559,34.1050383729819,29.25310739721635,29.156159017608232,916
642133,"Tellez, Rowdy","L","74.750592416",29.76490241881041,8.037565855838293,-7.697074856895115,0.5465346534653466,7.796770672138014,35.262747814895214,27.465977142757193,25.950071360746577,505
691723,"Mayo, Coby","R","74.732967813",35.56727647841259,10.839508467554255,-16.577562732214073,0.4508928571428572,10.97700856580488,35.68401609959744,24.707007533792563,27.559904139993645,448
682998,"Carroll, Corbin","L","74.653640647",25.73720295473262,10.984249281900693,-3.339929701185316,0.6839186691312386,5.977992253994857,36.640633145002674,30.66264089100783,29.911065586140715,1082
669394,"Burger, Jake","R","74.646523071",24.945845634169906,7.60835700726663,-4.090968617975651,0.5339506172839505,7.866651625132585,31.55486216368345,23.68821053855086,31.76762145942308,648
606466,"Marte, Ketel","R","74.616460948",32.02875953489806,10.146319081936303,-7.192869882541299,0.6149289099526064,6.668725414778759,36.76531551423394,30.0965900994552,22.866161516884635,844
666211,"Trammell, Taylor","L","74.565880688",29.996630436261952,11.462800626369434,-4.2631782490473125,0.47706422018348627,0.41514509103463826,30.063980418802036,29.6488353277674,26.385642694248627,218
692585,"Fernández, Yanquiel","L","74.534854241",28.602225411168288,10.56605409710883,-11.419695779257257,0.5551724137931032,9.196154198751568,36.384878214313964,27.18872401556239,27.68785496276717,290
666464,"Encarnacion, Jerar","R","74.525672857",38.394986810877505,10.920344105479565,1.0412910286229773,0.49999999999999994,4.247235193313273,32.07665689586784,27.829421702554566,29.087710204162597,84
592669,"Renfroe, Hunter","R","74.511787152",25.603688236385917,9.071102999756532,-6.66753872651908,0.642384105960265,8.184879247832656,37.00686060109087,28.821981353258217,29.133342342023216,151
701358,"Smith, Cam","R","74.498750667",38.093791142990796,7.510809831162324,-1.1970335251879913,0.39322033898305087,4.032137283018135,29.394083260082297,25.361945977064167,30.346725112388306,885
682829,"De La Cruz, Elly","R","74.485111062",33.65165362233354,8.295005150584931,-0.2622772868076726,0.4949215143120961,8.00636840727607,36.96163010153468,28.9552616942586,29.942280768720305,1083
592518,"Machado, Manny","R","74.470258042",26.49764267107119,7.586844829369015,-0.3246246958029073,0.5459915611814347,6.141757747211256,30.81049903452872,24.668741287317467,31.086610302750373,1185
668723,"Vilade, Ryan","R","74.439548966",33.707736494933165,-0.7900432979592156,5.188214120935851,0.034482758620689655,-3.634892764894179,28.913641196052826,32.548533960947005,28.98320419949827,29
656484,"Gray, Tristan","L","74.432102482",31.27406391499943,8.22665057247798,-11.125450583928982,0.47517730496453897,3.1368940724448304,33.41513608696155,30.278242014516714,29.48268523680626,141
676044,"Seymour, Bob","L","74.398529627",35.56682473119295,13.15946013001416,-0.9629562959089212,0.5671641791044777,4.973711697858901,34.04849895229873,29.074787254439826,27.227435375714876,134
671056,"Herrera, Iván","R","74.395397681",32.00443775643806,8.70414444472582,-0.5050417455093689,0.4779516358463727,-0.36786737009797327,31.503344338412955,31.871211708510927,27.4553395502144,703
696100,"Goodman, Hunter","R","74.380206309",25.244052477322377,13.394187699348665,-7.250152350847628,0.6106280193236716,10.093033401052162,38.771619173742444,28.678585772690276,29.52527603927104,1035
665052,"Conine, Griffin","L","74.353790863",28.222633642264736,11.86612183602587,0.9546183575269743,0.4676258992805756,-2.23370131720382,28.891197517102018,31.124898834305835,30.48185838812533,139
677951,"Witt Jr., Bobby","R","74.344038676",28.598037289029914,5.114763855071379,-0.27110924958641086,0.4729729729729729,0.3399506629422966,27.798591953654793,27.4586412907125,25.226492043503658,1110
683770,"Robertson, Will","L","74.33359184",28.734571451880495,10.144230186711619,-5.5248558266308905,0.576,2.773049704095752,30.926966885542132,28.153917181446385,26.277587347718885,125
671739,"Harris II, Michael","L","74.324738145",30.760585386239878,6.900836829239865,-0.9796241491416884,0.5041938490214352,-0.2196485746585292,30.786742096625943,31.006390671284475,28.52695816771251,1073
672016,"Clarke, Denzel","R","74.2957655",31.110459454996505,4.247257356481258,2.057186499270692,0.4461538461538462,4.292701267114501,27.888134555601738,23.595433288487236,27.3985118696829,260
663698,"Bart, Joey","R","74.257741902",34.081054868564365,8.692410143409848,-1.152518794049759,0.4358974358974359,2.8647540259069206,33.616569743422566,30.751815717515658,28.64496308082941,468
663853,"Gonzalez, Romy","R","74.255691322",27.583424574609435,5.8512804950196395,3.776911535014393,0.45593220338983054,-1.994120448327523,26.295020818286375,28.289141266613903,28.457852785100958,590
671284,"Elko, Tim","R","74.192130234",34.42529328488626,10.291644605548607,2.9910049970537367,0.421875,-1.5750100284119128,28.145927437390988,29.720937465802898,32.610367715070986,128
547180,"Harper, Bryce","L","74.188664105",35.54075434301141,11.577264903442996,-2.216268522340521,0.46176185866408515,9.636738893388134,33.195695353345286,23.558956459957155,29.460070719572844,1033
677592,"Pereira, Everson","R","74.159120656",30.741969555730964,15.913469124336773,1.75316634194653,0.5901639344262296,-0.5796206717415511,28.328455530471132,28.908076202212676,28.38380305611071,122
691785,"Mayer, Marcelo","L","74.121970132",31.918685809980502,7.481637439844078,-2.816975960049422,0.4342105263157895,-0.6568874199015868,29.714853866561146,30.37174128646273,27.45719771669388,228
572233,"Walker, Christian","R","74.121950838",29.4205573732869,9.079080157886843,-4.633578086522533,0.5133967156439067,2.8361307160744973,31.447010492055156,28.610879775980663,26.29557561651077,1157
677800,"Abreu, Wilyer","L","74.113350443",31.193213060283295,9.476993186120565,-1.249664652785734,0.5758389261744966,1.5407770634582736,31.366335815985416,29.825558752527144,26.57034079922222,745
642215,"Wilson, Weston","R","74.060964902",34.46993482971523,15.09815070947255,-4.58728188115971,0.588235294117647,5.801013689393653,31.88203850240579,26.08102481301213,28.192090548443794,204
691176,"Domínguez, Jasson","R","74.059258804",31.3538563645593,6.4739984131281725,-3.567943156311508,0.4642392717815344,2.1491648276706723,30.12858063827599,27.97941581060532,23.998774201078202,769
663898,"Rodgers, Brendan","R","74.051313251",31.55026776362344,9.86185722370877,-8.214705181712304,0.561576354679803,10.921538293021236,36.049335001787455,25.127796708766216,28.639670988425785,203
545361,"Trout, Mike","R","74.049968238",36.37295355759373,7.5884805591379285,0.1592214827321699,0.44807467911318566,-5.671978494165348,24.269598211874886,29.94157670604023,25.300012347567044,857
641857,"McMahon, Ryan","L","74.025842228",38.842659579401705,13.108851706181811,0.856094928892415,0.47452547452547444,2.759374273512436,26.763090825845097,24.00371655233265,32.03037079180328,1001
676724,"Young, Jared","L","74.0180245",28.736936960824774,9.794293943345497,-2.963299622800223,0.6375,6.956503854548479,30.70133707716335,23.74483322261487,28.53172098342788,80
624585,"Soler, Jorge","R","74.017521644",33.558803165129355,8.424507456858189,-7.754127670308958,0.5261121856866537,-0.434244535969498,28.17450853644991,28.608753072419404,29.01649553444344,517
671218,"Ramos, Heliot","R","74.003327959",31.508326741046524,5.956255253550775,1.5430436513963155,0.4723707664884135,2.6394429015289815,27.579312711462663,24.939869809933676,27.635092135831783,1122
682626,"Alvarez, Francisco","R","73.974980312",29.86625199878465,7.6803240456568975,3.1917240743043687,0.5011135857461024,1.1553944259435793,27.034656709970346,25.879262284026765,27.671446338538974,449
665487,"Tatis Jr., Fernando","R","73.960078147",29.750126556602716,8.279362027327348,0.774221617034712,0.5637065637065636,3.6067927195614575,29.869383234220788,26.262590514659337,28.961488959795037,1036
691016,"Soderstrom, Tyler","L","73.955961735",30.550437889685142,9.565314599239363,1.2282659093610424,0.5015673981191222,-0.7874872066157991,28.002545292937498,28.79003249955329,31.463596138822172,957
624424,"Conforto, Michael","L","73.955932287",31.995088301986684,10.179084891246285,1.1138299686491688,0.4778443113772455,0.6016054762462927,27.74512638865019,27.1435209124039,28.267225391908962,835
641933,"O'Neill, Tyler","R","73.952959564",35.825311608777675,19.082479930208944,-7.288812171745591,0.4709302325581395,8.490891449999236,33.70097465891055,25.21008320891131,24.87161270347307,344
680779,"Davis, Henry","R","73.948502821",26.346124765611975,8.576990952807842,-7.5190966761276545,0.5505836575875486,-1.9777101444162974,30.398867691643126,32.376577836059425,27.673885299706765,514
621566,"Olson, Matt","L","73.94386164",33.87706731091882,8.729191744018431,1.1382565740215094,0.482484076433121,1.3481366169518956,32.50671443641315,31.15857781946125,30.529094911438694,1256
665862,"Chisholm Jr., Jazz","L","73.927217537",32.90719728416401,15.79491989702646,-6.03301993892248,0.5675368898978433,1.4030911094890783,31.63860859720306,30.23551748771399,25.825647370959153,881
545341,"Grichuk, Randal","R","73.906862718",28.322357019464885,10.167945866802796,-6.311245053936547,0.6454352441613587,7.197767146130542,32.23791171778159,25.040144571651055,28.459716658597582,471
669261,"Suwinski, Jack","L","73.892382657",34.54692547829953,13.968372207012456,2.5030969304306354,0.44649446494464945,-3.081253336025057,27.041052045734734,30.122305381759787,27.45858187905079,271
694192,"Chourio, Jackson","R","73.879173498",26.43930597307095,7.11969509440752,1.437849683583196,0.5766129032258065,3.207122856061438,27.9517754323552,24.744652576293763,30.415434926582133,992
670231,"Rave, John","L","73.854857249",25.117624651090015,10.860456127019418,-1.7967505230954366,0.7472118959107806,5.457479663665435,32.54593897416594,27.0884593105005,28.360811435859425,269
664040,"Lowe, Brandon","L","73.851873033",33.48927052095023,14.816653336333205,-2.573597100952382,0.4872037914691943,7.05170073796702,34.097971344822405,27.046270606855398,26.609439933688254,1055
670042,"Raley, Luke","L","73.824952081",31.475110387636075,14.419919325639315,-1.7095980464036773,0.5406091370558375,5.322369694461214,30.658698560660834,25.336328866199626,27.980674555882384,394
669127,"Langeliers, Shea","R","73.821159348",30.30782327480014,11.448362567795334,-3.1163459348551292,0.6141732283464566,6.498927366372353,33.6653260106983,27.16639864432593,29.6705098691198,889
621043,"Correa, Carlos","R","73.809263398",33.071411028721755,7.67107476090191,-1.538578099794809,0.4174757281553398,2.6965931905183655,28.455677919123133,25.75908472860477,28.790557329134483,927
677595,"Mauricio, Ronny","R","73.800171012",29.187720856840027,7.36711259057073,-2.278628410454236,0.5276073619631901,3.0144621728709984,33.62834419165439,30.613882018783386,27.430891735242042,326
666160,"Moniak, Mickey","L","73.765342013",33.63141645924229,11.576554519881963,-4.333286210898442,0.46875000000000006,3.359453110818758,29.131593435493677,25.77214032467492,30.78387959378883,800
671732,"Butler, Lawrence","L","73.750274437",30.46904037123948,6.8222376358524395,1.7060152119708767,0.44080846968238685,2.933872474067319,28.828008041777498,25.894135567710173,31.233727789957335,1039
543807,"Springer, George","R","73.735197845",35.15091201267269,13.171417478275636,-0.4174789704921511,0.5799782372143635,-4.655892967054474,22.32586403920993,26.9817570062644,27.17851120751984,919
688760,"Crim, Blaine","R","73.668071293",29.178432652438026,10.269024746933585,-8.013212848449111,0.5603448275862069,5.184618074141403,33.798091859269995,28.61347378512859,29.9549297481259,116
668904,"Lewis, Royce","R","73.64248631",28.918526425778936,10.810128863784469,-7.6815151661315015,0.6837481698389458,3.9913587150357213,28.562117765528107,24.57075905049238,26.48980900992755,683
663330,"Jones, Jahmai","R","73.642146245",29.763960309453033,13.015914616020758,-5.76111354436476,0.5949367088607594,7.553544589045799,32.467578707026654,24.914034117980847,29.43690196428492,237
670223,"Mervis, Matt","L","73.634613893",33.75918038311263,18.8700992220012,-11.487212290076139,0.49618320610687017,7.612899060558969,33.69798516036147,26.085086099802503,29.25536304959472,262
700246,"Williams, Carson","R","73.631771742",34.060454683000025,15.33801162300941,-2.6577920826426316,0.5,0.7353484672123192,28.106599877155332,27.371251409943017,29.244344989579236,178
687952,"Encarnacion-Strand, Christian","R","73.615431949",35.193670892692765,15.452109327503088,-3.9657215695391463,0.6059322033898306,2.6197026560647965,32.90575538650116,30.286052730436353,27.786224971695674,236
665742,"Soto, Juan","L","73.594467372",28.1211710728813,10.942524529906997,3.8272391219837867,0.6586695747001089,-1.6328762851707148,23.22241957774385,24.85529586291457,30.25149559747894,917
672724,"Peraza, Oswald","R","73.589181359",26.252940441785046,7.552605297814329,-2.71672756188859,0.5201698513800425,1.8563900174884,29.50962814260347,27.653238125115074,29.658096375855674,471
676480,"Barrero, José","R","73.57536459",30.71185947530234,11.211160869795625,-7.027531624961104,0.45901639344262296,5.37539710192927,35.07604767853585,29.700650576606577,30.49482600951523,61
650490,"Díaz, Yandy","R","73.570977436",24.399315122121315,2.9275831401630725,7.0471367732532855,0.3534218590398365,0.5614902839347023,29.901526174511726,29.34003589057703,28.665182920901316,979
700242,"Sweeney, Trey","L","73.562700724",26.609684802901395,8.164357534523697,-3.2410777400890813,0.5621521335807049,6.485772622461699,34.0926659982281,27.606893375766408,26.86808693085905,539
681297,"Cowser, Colton","L","73.556015217",39.14957772857375,16.079789419630107,-3.4251365475513076,0.45289855072463775,8.700105811244114,36.282853011379444,27.582747200135334,28.28420079022947,552
667670,"Rooker, Brent","R","73.555083458",36.28000580130195,12.260384152782002,-6.128013910021141,0.4515555555555556,1.4214719700919136,32.80560420648966,31.38413223639775,27.21643435678511,1125
669087,"Huff, Sam","R","73.550416042",30.35483203849622,10.943499357144864,-5.3234920878145315,0.5625,9.440200312971857,32.53494473349829,23.09474442052644,30.039513717083036,96
701305,"Dezenzo, Zach","R","73.543212011",39.7229489746691,13.788477932877068,0.9619558201920746,0.47619047619047616,5.290910786757978,29.919262296142428,24.628351509384448,28.651476861777077,189
664056,"Bader, Harrison","R","73.527069449",25.412035274821477,12.018833677289617,-5.380915695845636,0.5005988023952097,6.406666493231943,33.55214582930455,27.145479336072615,27.176196434621758,835
595879,"Báez, Javier","R","73.51512607",30.27410520385483,9.996602699461722,-5.612846546067037,0.505420054200542,10.185186300631596,29.783219624807543,19.59803332417594,28.714867981396303,738
687529,"McCray, Grant","L","73.447475116",33.4610977329883,12.097974216242731,-1.4228198739264606,0.627906976744186,10.057273346718318,27.89763264320298,17.84035929648466,24.917049595230015,43
669224,"Wells, Austin","L","73.444409255",31.825676455561197,10.502981410447294,-5.686026338716333,0.4993788819875777,-0.22281230240111247,30.549483722278314,30.772296024679434,23.643682090887673,805
663457,"Nootbaar, Lars","L","73.436411289",27.957504253656328,9.206797627343677,-3.1246011039469845,0.5539033457249071,5.624267362974915,34.74541616207218,29.121148799097263,27.86152184011674,807
676572,"Wagaman, Eric","R","73.418307545",27.90304930646215,6.875492995989853,-2.7168457409698976,0.493573264781491,7.225099787299426,32.3302281410752,25.105128353775772,28.137473821037876,778
700250,"Rice, Ben","L","73.40694141",33.22592890095617,10.633209394036912,-5.956327310806948,0.5679487179487177,-2.376121700552785,28.47187127629782,30.84799297685061,28.504805587023988,780
502054,"Pham, Tommy","R","73.400016863",27.39741404206786,8.209091817564612,-0.908076647100782,0.518633540372671,1.240696691386669,32.6708728169333,31.430176125546634,28.45818031497874,644
683090,"Lugo, Matthew","R","73.392001759",35.53100286938701,9.256577504052093,-1.6454134540303893,0.49074074074074076,-3.651050819829688,25.14584818259519,28.796899002424876,28.441100432421365,108
804668,"Flores Jr., Rafael","R","73.387238056",37.45357256951797,20.96842193048068,-11.755083342891822,0.3611111111111111,9.3821448296519,37.96267983995226,28.580535010300363,26.27503549377932,36
673548,"Suzuki, Seiya","R","73.375762036",31.089550767967083,8.095177141476256,-3.1305629121237395,0.5045592705167173,6.506246092527961,34.521871716779806,28.01562562425185,27.83118434633545,987
592885,"Yelich, Christian","L","73.371502249",36.2657120305999,9.722014848128845,6.977573396301814,0.44402277039848187,-1.0227894008472456,26.73261234974891,27.755401750596146,29.912347108660793,1054
660162,"Moncada, Yoán","R","73.369936868",38.2512340984967,12.192241308992523,-5.409017978340393,0.42505592841163314,16.09796808740453,33.91407159829273,17.816103510888198,26.527123529822454,447
672284,"Kelenic, Jarred","L","73.369160769",30.818557405065807,14.173494913506378,-2.032392281912015,0.6239316239316239,-0.18917216390234676,30.3989689789019,30.588141142804254,27.839218715209718,117
592626,"Pederson, Joc","L","73.365908548",28.287454487106984,10.003788580861173,-5.849904431540076,0.5643153526970953,-1.1073893150992369,29.746465612014084,30.853854927113314,24.61782434474597,482
681715,"Hernández, Heriberto","R","73.356787484",30.030929180073738,15.641042945930673,-0.8971166765544871,0.5579868708971553,3.946921266654406,33.13880704424098,29.191885777586574,26.884747938614144,457
665953,"Chaparro, Andrés","R","73.340514063",30.816538268771186,9.3201612214932,-12.588998249107618,0.49218750000000006,6.2996497145267885,33.492481907468274,27.19283219294148,27.466972075759095,128
690291,"Jung, Jace","L","73.33938337",31.747841020827998,8.93949989859833,1.7719947673375867,0.4565217391304348,-6.006333574590302,28.571557359656115,34.57789093424641,25.83170276137445,92
678554,"Mead, Curtis","R","73.33674",32.7300872480581,4.82579297424468,-2.0967246630197414,0.4041570438799076,-3.114214571955584,30.370744366229363,33.484958938184946,28.074572937473487,433
666915,"Dalbec, Bobby","R","73.335251875",35.188474169281434,11.548760203666308,1.1539536258339207,0.28125,3.0180239828108464,30.77904086331541,27.761016880504563,27.67574561900347,32
692225,"Campbell, Kristian","R","73.292610175",34.66755330863923,11.295897176572723,7.969995256669387,0.42750000000000005,1.586012391539498,29.47516215174241,27.889149760202898,29.690344071724798,400
660757,"Gonzalez, Oscar","R","73.288247344",30.51461267443564,2.892284043538474,5.729076554105315,0.375,2.240174934027799,28.35848045537346,26.118305521345658,30.54063863519251,128
681987,"Eaton, Nate","R","73.280985435",31.87618291677482,5.6665599819637915,-6.028546809983459,0.42028985507246375,7.162519268820459,35.59904215446744,28.436522885646976,26.150330213464446,138
682622,"Marte, Noelvi","R","73.255035959",30.954082475195715,9.737334290700723,-4.252354329666792,0.6234887737478411,7.6655865165693475,34.64126916010223,26.975682643532892,27.461726905762912,579
686611,"Crews, Dylan","R","73.253547563",26.483481064099877,6.578198806351502,-1.2556841993684398,0.48124999999999996,0.5304853851634993,30.446990304762707,29.916504919599213,26.246084907038576,480
572138,"Singleton, Jon","L","73.249194167",31.629889676609974,10.23882250425877,-5.088403025561978,0.5,2.5725070397672156,28.13123192697377,25.55872488720655,30.642668130915162,12
608701,"Refsnyder, Rob","R","73.244695518",31.929901777020927,12.201313233789154,-0.08009004397667274,0.6463414634146342,-1.338983843764206,29.22874572752128,30.56772957128549,29.25484409838653,328
661388,"Contreras, William","R","73.244378802",29.23335630294357,10.615640332121002,3.345269840341449,0.6568441064638781,1.6681114782964945,30.208974537219877,28.54086305892338,27.958987826929047,1052
682634,"Alcántara, Kevin","R","73.242627368",32.87626741232757,8.146057390250245,-3.6558941656857975,0.5263157894736842,2.1032163554745202,31.062889144641876,28.959672789167353,31.335197437597074,19
694728,"Matthews, Brice","R","73.213564304",33.60310708557779,15.020247413824304,2.26804791803571,0.4936708860759494,1.5069225777190667,30.164295722777315,28.657373145058244,25.065232144914336,79
677347,"Paris, Kyren","R","73.204517928",37.387445120740686,16.2202751883097,-5.3780453305876454,0.5045045045045045,-8.32824988006789,26.602831701898328,34.93108158196621,25.468254502401606,222
687597,"Beck, Jordan","R","73.199990499",32.738008514258965,10.711980595511578,-3.311356677695211,0.5180467091295118,9.977144146509632,27.628600305776033,17.651456159266406,29.473279531515125,942
642708,"Rosario, Amed","R","73.193435",30.089251264018746,6.446258701927133,-4.525044643231014,0.5064935064935064,10.731489487036688,31.536069972923915,20.804580485887225,22.65928745759914,308
670224,"Misner, Kameron","L","73.178206207",37.079245702511955,12.307299245886224,-7.415822613289421,0.5119363395225465,8.160342584430053,34.61606004624375,26.455717461813702,29.012431236299967,377
694671,"Langford, Wyatt","R","73.144246678",33.722305739861824,16.757424230825507,-3.1093856243482407,0.48555555555555546,3.1711557110748356,32.01583089822512,28.84467518715028,27.372052875228942,900
678894,"Peguero, Liover","R","73.141570079",25.026345061786994,6.885388895072226,-9.873959657262578,0.42063492063492064,5.480876824885014,35.695858789921296,30.21498196503628,26.587879663586843,126
669374,"Hiura, Keston","R","73.138188857",35.849703873609016,15.182533347980376,7.23991141036737,0.6857142857142857,-0.8529770633353155,26.027814617676427,26.880791681011747,26.92210608594731,35
687221,"Rushing, Dalton","L","73.124606441",34.1537500608437,14.042365110938839,-5.279207725486576,0.5720338983050847,2.5153865844887995,32.42745666414101,29.91207007965222,28.112429746218332,236
669134,"Campusano, Luis","R","73.121504737",24.303967942905754,11.620759466253418,-8.976297722504965,0.7894736842105263,2.219173185427831,29.384959927683283,27.165786742255452,28.987571783496705,38
691777,"Muncy, Max","R","73.121294712",31.155338873537293,9.333684603384059,-5.725424688055276,0.4876712328767124,7.60475930060249,33.09191084668345,25.487151546080955,28.23308842765989,365
686527,"Canzone, Dominic","L","73.110603774",32.107920428762434,12.140531194407501,-2.471089357450433,0.5488069414316703,6.613925675376789,38.26272021831968,31.648794542942888,28.935974532504485,461
605137,"Bell, Josh","R","73.081846254",33.65046242005129,10.053861197436545,-2.9237134688732835,0.5804274465691789,-1.943695791509093,27.56880929190196,29.512505083411043,28.388340334381535,889
694374,"Tawa, Tim","R","73.081444615",31.815636784621383,11.122796086710446,-5.37213837157789,0.5412087912087912,4.974266192230802,32.59202346846448,27.617757276233675,26.047856122099123,364
596142,"Sánchez, Gary","R","73.055663655",29.399716969419348,13.331109148823339,-7.775339264127764,0.6206896551724138,4.059591452266527,36.872891068378046,32.813299616111514,25.6790726171424,145
679529,"Torkelson, Spencer","R","73.047568006",38.005049081421916,13.536550047003876,-8.030219878381244,0.5000000000000001,-2.2610098235447755,30.683048219551885,32.94405804309667,27.97822733840872,1048
640459,"Navarreto, Brian","R","72.9857565",28.962654699782124,15.158049694889682,-15.017190981604886,0.6,2.5936262891868145,35.42087456594191,32.82724827675509,27.73851487056303,20
606192,"Hernández, Teoscar","R","72.943081924",31.909197798681333,10.359163223483637,-0.11251473488544105,0.5443974630021141,-0.26794313794854446,30.46509110429609,30.733034242244628,29.887693330099456,946
521692,"Perez, Salvador","R","72.939269382",34.184922832833806,12.445395959488028,-5.379188229604943,0.5630983463881635,0.8497416871403713,30.421032136984977,29.571290449844607,27.29221372285295,1149
672359,"Ornelas, Tirso","L","72.911762174",26.139369686039807,1.1534543276715548,3.4285092361791056,0.3043478260869565,-1.265569325117825,29.319168730589027,30.584738055706854,31.653564715638783,23
663584,"Senger, Hayden","R","72.909828814",29.01215638385779,8.781453987072387,-1.0645401657686546,0.5338983050847458,0.9137315232676,28.018280620828325,27.104549097560724,29.823715435903598,118
542303,"Ozuna, Marcell","R","72.883619272",36.84753413422212,13.943543519539825,-0.9147061921620881,0.5298013245033113,-2.010659776376823,32.40440092643427,34.41506070281108,26.10164153006126,906
686554,"Dunn, Oliver","L","72.876761071",28.638726294300845,9.13847875880001,2.1186035736031315,0.5,-0.913557615550049,27.686828227019422,28.600385842569473,25.47196091060008,56
553869,"Díaz, Elias","R","72.846818403",29.083733470028502,6.1516300603015655,-4.430142026429516,0.49579831932773105,11.670408847584204,38.256888116298825,26.58647926871462,26.595238269733223,476
493329,"Gurriel, Yuli","R","72.84322873",24.719305425260615,2.987408631914718,-9.753462181056266,0.3174603174603175,14.511722727336643,31.150802259681676,16.639079532345036,27.898766572640284,63
664913,"Brown, Seth","L","72.841516357",31.203926775038568,12.218531351699365,-11.614381843991639,0.5193798449612403,3.731329497968433,35.008153164180875,31.276823666212444,26.4036660858192,129
656248,"Bouchard, Sean","R","72.837050505",38.20832314131238,13.806999233735981,-5.006358242975041,0.5151515151515152,5.746690246144619,33.24886753572549,27.502177289580864,26.320288242135767,99
641555,"Escarra, J.C.","L","72.783402361",27.308963629612816,6.709276174772415,-8.725171252374594,0.5277777777777778,-3.913550385192802,30.241152586726972,34.15470297191978,28.579179446183844,144
669004,"Melendez, MJ","L","72.778171471",28.594873721258416,11.151622130939405,-2.9028096937852084,0.6176470588235293,-0.07970174456998674,29.174148175005115,29.253849919575103,29.635122840667616,102
657041,"Thomas, Lane","R","72.739308216",27.550252612484964,8.960134277438565,-3.942798874619147,0.6619718309859156,6.583782207618621,28.938827955675112,22.35504574805649,29.205916160354207,213
805249,"Kemp, Otto","R","72.736336685",34.68397061595223,11.676202521362164,-7.670370072765001,0.4602739726027397,4.602479656099316,32.45869758676098,27.856217930661657,23.009077126142476,365
691718,"Crow-Armstrong, Pete","L","72.735896511",34.88318665526843,14.565625328556143,-3.530351026821352,0.5008169934640525,5.966543655228019,36.21258141828065,30.246037763052634,26.61849380543222,1224
669288,"Johnson, Daniel","L","72.732930652",29.981684242873516,12.8801207336956,-7.824723825295404,0.5543478260869564,7.54608450366582,33.48548228394241,25.93939778027659,29.519670462339857,92
666134,"Jones, Nolan","L","72.724750536",35.437667495271256,8.903647760299236,-0.1448906841726384,0.4521739130434783,5.623275902667617,32.707238287297585,27.083962384629984,27.327724313531178,690
669911,"Toglia, Michael","R","72.724575419",35.829938645358254,14.758909923470869,-2.52218037853495,0.4427350427350427,2.6205172810250357,28.31071536350391,25.690198082478876,30.377341851975075,585
605204,"Davis, J.D.","R","72.71735",36.03914460550347,4.317257282324218,14.112101647313143,0.4444444444444444,-10.245241238014065,22.168572802427445,32.41381404044151,30.086035888551077,18
695681,"Moore, Christian","R","72.711007822",33.197436775373085,7.8482246749711155,3.5108579465642804,0.5245398773006134,1.985948716017863,30.53357406185286,28.547625345834998,24.362123797402674,326
669357,"Gorman, Nolan","L","72.705924687",34.06137427211605,14.791425714160477,-1.8469123029877552,0.5050946142649198,1.9363351042091024,33.08932335645773,31.15298825224862,30.398013541496557,687
694208,"Ballesteros, Moisés","L","72.694087732",28.776612326976316,4.992633509651268,9.524924727262615,0.4639175257731959,-4.529744738026703,29.352254916535205,33.88199965456191,29.501060211636652,97
683748,"Mesa Jr., Victor","L","72.676947879",29.00118192454114,7.759862079654522,-2.8329967357897266,0.6818181818181819,2.476879656353422,28.767697289789336,26.290817633435914,29.07934510941809,66
689200,"Melton, Jacob","L","72.675533433",28.553038835781887,10.879069605559645,6.313443561845754,0.5149253731343283,-8.238114105909728,21.111313081172153,29.349427187081876,32.47313483655268,134
686555,"Collins, Isaac","R","72.67321325",28.82561489830663,4.04538694138456,-2.1804957934673483,0.3718887262079062,2.0651140445896656,32.159854425332895,30.094740380743232,30.026897802081074,683
663993,"Lowe, Nathaniel","L","72.667132184",30.09981576923025,6.6486103893317,7.892208671516758,0.4724637681159422,1.1143499382226842,27.40149592293537,26.28714598471269,29.9767358195168,1035
663796,"Montes, Coco","R","72.653282",38.234958152055576,15.106084694035705,-6.647509913162935,0.39999999999999997,6.152489554208743,36.39849577509164,30.24600622088289,27.646315047379492,10
516782,"Marte, Starling","R","72.648556905",35.404860269851945,8.713077361654532,-0.33989419426118905,0.4652014652014652,5.45038136868155,23.9766281237048,18.526246755023262,28.59385127182332,546
502671,"Goldschmidt, Paul","R","72.629168189",31.900154465956724,9.698807218936864,2.396594862526878,0.5144444444444446,-4.873716212984213,21.01906493723248,25.89278115021669,34.0479280020025,900
681546,"Outman, James","L","72.622132651",37.5044121723809,17.728334409153593,-5.410759529257992,0.46987951807228906,5.11891400862988,32.479942384606275,27.361028375976403,27.808059414817624,249
669221,"Murphy, Sean","R","72.611037861",30.83527279037309,12.453673307333341,-3.9657916890943254,0.4973913043478261,0.830140311061911,30.70583211194622,29.875691800884304,30.97861205446673,575
683011,"Volpe, Anthony","R","72.59852911",31.53768822707837,10.975813855031467,5.622911047158775,0.6489252814738996,-3.653733368378584,25.01435277011619,28.668086138494775,29.20160708044329,977
686780,"Pagés, Pedro","R","72.593405746",30.44145263182561,7.056014698590818,-2.96949478261353,0.4108187134502925,8.875692921905076,36.01982927924384,27.144136357338763,28.85287375766288,684
672820,"Sosa, Lenyn","R","72.574127146",32.589214921431356,10.475339452754826,0.4833103061734046,0.553648068669528,2.363263859846879,32.72060630070413,30.357342440857234,27.518419707784105,932
681624,"Pages, Andy","R","72.5706936",40.56688522223205,7.812762963321824,-3.9960830763559234,0.4829443447037701,-0.29025095301623743,31.281684448975554,31.57193540199179,29.810323830787187,1114
608369,"Seager, Corey","L","72.552322271",34.234785526439985,12.84771520831395,3.507331379893734,0.5471956224350205,5.5005449640197694,31.989741998348606,26.489197034328853,29.05421121083488,731
672386,"Kirk, Alejandro","R","72.537012725",23.949646266512048,7.8831197069008025,4.502895894682025,0.5580568720379145,8.420585143408626,30.06275246791645,21.64216732450783,31.544532501466307,844
686469,"Pasquantino, Vinnie","L","72.525607113",29.374654021352054,9.750472174002164,-9.21237897576193,0.5554537121906509,3.471370772174301,32.09008888202684,28.618718109852544,31.150249923802722,1091
656537,"Hill, Derek","R","72.52199059",35.04202806906593,14.39736173743111,0.6452798127547917,0.4575645756457565,2.5306557015736075,32.025586745769814,29.49493104419621,26.895820114143664,271
694376,"Whitcomb, Shay","R","72.466834355",29.776236207462798,12.243502614499416,-7.281223232183249,0.5967741935483871,-0.08237128448640696,31.187841288334013,31.27021257282042,29.162205629266463,62
686894,"Wiemer, Joey","R","72.466694818",25.32638615125297,12.622611702567673,-11.849530366295749,0.7181818181818183,11.851814424235018,36.853474073549144,25.00165964931413,26.384617352666154,110
666139,"Lowe, Josh","L","72.43918344",35.8633256625531,7.14592886240954,-0.3896196352961222,0.45600000000000007,4.690908303548938,29.198790649905458,24.507882346356514,30.874262502979118,875
676679,"Vázquez, Luis","R","72.436130879",32.60000657880309,8.62356526455382,7.0150138105028566,0.46153846153846156,0.8829262529343871,27.838716265856412,26.955790012922026,29.41906937041775,91
518792,"Heyward, Jason","L","72.42761078",28.040377216762927,9.887334524473285,-7.220367387260039,0.6382978723404256,-5.1872773996124915,25.952166785318695,31.13944418493119,34.640534776050075,141
691781,"House, Brady","R","72.419054068",35.41411189395276,8.508619971383274,3.3781145771739904,0.47895791583166325,4.263227878736309,26.671420350457765,22.408192471721456,27.21146614325868,499
676116,"Noda, Ryan","L","72.410234045",36.006752812610046,18.18821671511787,-1.4162060291572143,0.4157303370786517,2.9652609056626806,30.725947912120983,27.7606870064583,26.94940201208661,89
671277,"García Jr., Luis","L","72.4022391",28.56080731554301,10.723775950414284,-2.5616943306986655,0.6241457858769931,5.230440300792153,33.388231410382126,28.15779110958997,28.67895964286459,878
682928,"Abrams, CJ","L","72.400841365",27.251026606962036,10.861888727130044,-3.79275282930814,0.5895450145208133,3.8600221622293165,31.695244797846634,27.8352226356173,30.033252993451487,1033
687401,"Ortiz, Joey","R","72.400831436",27.84652237267492,1.7107284600205164,-1.7596982364496927,0.3333333333333334,-2.8554294830723013,29.091779019467946,31.947208502540242,28.20836336117284,759
680728,"Del Castillo, Adrian","L","72.398447644",33.58095639744246,13.970788919537263,-5.714742107890507,0.4799999999999999,8.209780403741767,37.167311544459544,28.957531140717784,28.538778933663234,225
666310,"Naylor, Bo","L","72.371691887",31.94583167688391,13.643282686851013,-8.303494911044256,0.5304964539007093,8.002514067474523,35.204815682192375,27.20230161471785,31.185444364403626,705
676475,"Burleson, Alec","L","72.364166718",31.787768076979763,10.041575659707524,0.34249176566629974,0.575178997613365,-2.400123646412656,31.582742882202194,33.982866528614856,23.413776161976948,838
572191,"Taylor, Michael A.","R","72.363100512",31.178049959131467,14.0741240418335,0.772790434988008,0.5228519195612432,7.708598186943567,30.186831364546613,22.478233177603048,30.891440323726158,547
680777,"Jeffers, Ryan","R","72.348163548",28.58836512320388,9.916412966144849,-3.275837490914572,0.5494505494505494,0.8914934496368112,29.14202496796266,28.250531518325847,27.3335550547587,637
671655,"Valera, George","L","72.341488947",24.804959405249736,6.792268532793246,-3.347931894154803,0.5789473684210528,7.34044843292235,36.5606183993857,29.220169966463352,28.15302499895008,76
656582,"Joe, Connor","R","72.327205667",30.556869237091167,6.7846206720659135,-6.786859063730797,0.44999999999999996,-1.9125055717097845,32.90823969801279,34.82074526972258,29.54258482530165,120
668227,"Arozarena, Randy","R","72.326694033",25.29050539891569,8.65848478032491,0.4415349001259294,0.6205316223648027,8.657268445458925,31.235933304538985,22.57866485908007,24.21268542124735,1091
605170,"Caratini, Victor","R","72.319628919",34.93039157014951,10.744273880196348,-3.5994308849519507,0.5675675675675677,7.0821531602783505,37.32317157226087,30.24101841198251,24.109547801544974,592
665161,"Peña, Jeremy","R","72.317324538",30.416660982336868,10.89110194406678,-8.173094044177477,0.6276202219482121,1.8453379600671926,32.02896889808502,30.18363093801783,26.227580122946588,811
624641,"Sosa, Edmundo","R","72.309629641",33.902067482212594,10.130673604911275,-2.155856632792513,0.5602536997885834,0.8208857573630339,29.22421336328047,28.40332760591744,25.94793748451693,473
657136,"Wong, Connor","R","72.29090219",30.520439717464455,11.627749989761059,-2.2088325485736684,0.4634920634920635,4.2433333145015,32.885322993262136,28.641989678760645,28.19975557116854,315
680716,"Ornelas, Jonathan","R","72.286190588",26.5834370939421,6.615819315284039,-5.677495613328857,0.5294117647058824,14.31505317141158,34.591489079532714,20.276435908121133,28.382785962073942,17
665966,"Narváez, Carlos","R","72.283279987",30.01996933607897,9.159772063622523,2.4498459072194385,0.541457286432161,5.604298609743145,30.643198737832407,25.038900128089264,29.202856399370297,796
542932,"Berti, Jon","R","72.281973688",29.160221987475804,2.221704592525557,9.405976431961797,0.25000000000000006,-9.837931100961098,22.65708405015831,32.49501515111941,28.41469411971308,160
553993,"Suárez, Eugenio","R","72.269102113",38.71774087312044,18.493899574705843,-5.509178858055351,0.44434782608695655,17.357411629245497,35.65544708141942,18.298035452173913,23.07972821551156,1150
607043,"Nimmo, Brandon","L","72.253574015",29.062364627066387,6.649521943736715,2.1090590003779295,0.47879359095193214,-1.3790762207977239,26.883388902610633,28.26246512340835,31.48681166087718,1061
687637,"Beavers, Dylan","L","72.230978454",39.27214943800248,7.884178753371661,-4.378542057577424,0.5103092783505155,-1.3163036639433612,31.09194040758334,32.408244071526696,25.734162276586556,194
642136,"Thaiss, Matt","L","72.224693061",27.734536420907116,6.953638951060171,0.9080469658976152,0.5212121212121211,3.77557848659891,30.759060152930758,26.983481666331848,27.312414211278828,330
642201,"White, Eli","R","72.223313755",34.41838583778895,9.008473311354196,2.3547019471799864,0.4672489082969432,0.058978058285992584,28.107930895564834,28.04895283727884,30.452217190408955,458
593428,"Bogaerts, Xander","R","72.216795992",30.990222187296528,10.18582356305421,-6.931029323311771,0.5249662618083673,15.051156401365455,34.754416179512006,19.703259778146546,29.095198074716805,741
668804,"Reynolds, Bryan","R","72.21078333",37.888431704769346,13.033128038500152,1.0575847641523484,0.47027972027972026,0.6585254971177044,28.29929256303855,27.640767065920855,27.255803076777244,1144
687551,"Gilbert, Drew","L","72.199336627",24.358244161281274,5.215788986893993,-11.079747127921932,0.44578313253012053,5.143317136624423,32.68128420132037,27.537967064695945,29.474290108855083,166
673237,"Diaz, Yainer","R","72.192034883",28.28263113490698,10.410289968694519,0.9675550143316369,0.5924412665985701,3.3356394866286836,32.41069209635246,29.075052609723784,28.29610692459826,979
665019,"Clemens, Kody","L","72.190420994",26.978625041219924,12.300019232725267,-2.920712084277608,0.6605504587155964,1.4491671867155749,33.42720510830296,31.978037921587386,27.580924633271582,654
657557,"DeJong, Paul","R","72.188727126",34.71112505311521,15.956869639062496,-4.078072824177117,0.5289855072463768,6.038459718022846,34.25338245488173,28.21492273685888,26.90862467526633,414
669717,"Wilson, Will","R","72.187389942",31.977330323583608,14.81422898064394,-7.2861332387167375,0.5581395348837209,6.5728392268312605,33.45517988344275,26.88234065661149,27.98636173416781,172
657656,"Laureano, Ramón","R","72.186227283",35.14446609959709,15.565524170514514,1.0180066512046995,0.47342995169082125,2.3724251342452063,32.77807041710958,30.405645282864374,31.591877086188894,828
665804,"Amaya, Miguel","R","72.183086649",34.934130495064345,11.070874104419602,-11.265382841981511,0.5405405405405406,1.881197960214105,31.02812584610433,29.14692788589023,26.97368309770626,185
663616,"Larnach, Trevor","L","72.180620186",34.09413402428196,8.326909229339437,-10.585208830067494,0.41094295692665883,5.657479239770816,34.25456990273095,28.597090662960124,27.23686972853588,859
694203,"Guzman, Denzer","R","72.143205366",34.19517529473614,8.199382385483238,-5.057843578054133,0.524390243902439,-3.37998459204489,29.166076933891645,32.54606152593653,24.286309268687646,82
666969,"García, Adolis","R","72.128697236",28.022854854522524,8.774846234651607,-0.4610068310879688,0.6247504990019962,2.2631693882749584,31.312710860196418,29.049541471921458,25.173342886382752,1002
663536,"English, Tristin","R","72.120336596",31.654591056599063,7.956084477330346,-4.628808624022128,0.4255319148936171,0.19291402770204957,29.070805968413154,28.877891940711102,27.196126268656304,47
677942,"Alexander, Blaze","R","72.112423445",36.093726254839446,8.883712012197945,3.9199821230635132,0.47129186602870815,-3.863261831610546,23.792664422266267,27.655926253876807,28.464314563745038,418
680869,"Gelof, Zack","R","72.081462211",34.59462352128236,21.398223164012673,0.01982381030362057,0.36842105263157904,6.747034333535881,28.14024733299798,21.3932129994621,28.946435240130022,190
701398,"Stewart, Sal","R","72.059497879",28.724425840038062,11.034018416055096,1.9733591474229526,0.595959595959596,1.7563920897600152,29.974006109300817,28.2176140195408,30.803051746985982,99
669722,"Davidson, Logan","R","72.058654304",32.32032142947155,12.85497274806716,-5.635539575919015,0.3670886075949367,10.246136830172025,32.04442519073981,21.79828836056778,29.805995545431934,79
642350,"Siri, Jose","R","72.057903194",35.318360434891936,11.557973414765739,-1.0464440347645527,0.4444444444444444,5.838945708321192,25.50109654630803,19.66215083798684,27.203900293960974,72
642715,"Adames, Willy","R","72.054164271",35.29393188695284,18.449340722467774,-3.908572236054663,0.5026041666666667,2.44678976210999,31.552911222543656,29.106121460433666,28.939620354429508,1152
663656,"Tucker, Kyle","L","72.045300162",33.89918364704762,11.653680123564305,-8.090494093103052,0.4951456310679613,0.5137858270369526,28.369481380768487,27.85569555373153,30.20025189780998,927
682641,"Matos, Luis","R","72.040437834",26.904244575491308,7.076247756793021,-6.489370234369579,0.5732484076433121,7.3306811463453485,34.10500578815063,26.77432464180528,27.50377639097408,314
592663,"Realmuto, J.T.","R","72.035947332",34.226624889893586,12.426553748604325,1.0177081618803263,0.5282817502668091,-2.909204818738329,28.55238752714938,31.461592345887713,27.45333941789029,937
623993,"Santander, Anthony","R","72.03464879",24.191057340364967,7.893484383748928,-9.50303836934558,0.5728395061728395,13.638990373580063,33.36529639901998,19.726306025439918,26.735909268770357,405
694388,"Loperfido, Joey","L","72.022829096",37.74920573086272,15.613445174956592,5.808408963318836,0.4463276836158192,-2.3010789994375056,25.58352148565027,27.884600485087773,29.878525639287652,177
656976,"Smith, Pavin","L","71.995067706",32.72286654834273,13.324676414095789,0.8962186865562354,0.5189309576837415,-0.5544292494960384,28.396653196433757,28.951082445929803,28.92321039306246,449
663743,"Fortes, Nick","R","71.988337748",19.572184660626814,3.4612836156481284,-7.607092956203887,0.41286863270777485,-0.09462348010385901,30.61358801468371,30.70821149478757,27.756696093078055,373
663697,"India, Jonathan","R","71.986616538",28.216153210643444,9.07624035332271,-4.615338002495364,0.6127864897466828,1.9691128110137859,30.6752116324797,28.70609882146591,27.947673706899554,829
701538,"Merrill, Jackson","L","71.972846183",37.467841529269485,9.75452080970365,1.1352937608679914,0.4777517564402811,2.815747973499723,27.428385526392432,24.6126375528927,28.722995163701995,854
666165,"Sabol, Blake","L","71.97129825",30.004527524604853,9.979763587382585,5.5312089989814375,0.575,3.9032196833058084,33.74253756260629,29.839317879300477,28.42502142061591,40
681351,"O'Hoppe, Logan","R","71.969371147",32.91201493579067,15.70636861452451,-3.660447637379087,0.5224438902743143,6.059931446725112,33.60420181011559,27.544270363390492,28.648180297720227,802
672642,"Berroa, Steward","R","71.95786875",32.611702811166026,17.256680826485916,-9.551388907915527,0.75,7.575931100671642,34.18167024840718,26.605739147735537,28.507995664745568,8
641943,"Palacios, Joshua","L","71.95646696",30.339928331701635,7.826981981689629,3.7214775614639866,0.48800000000000004,-1.4265290735710199,26.69288633595204,28.119415409523057,30.08135200418686,250
694377,"Yorke, Nick","R","71.943701074",33.66241428705814,1.5676693980314973,4.607911785009557,0.3553719008264463,-6.806857988655657,23.575870527235384,30.382728515891046,24.650171202968725,121
669236,"Jackson, Jeremiah","R","71.938815705",27.207967161815247,11.875846477615205,-0.3997036610223741,0.6238244514106582,1.3728417669816915,30.369103999042487,28.996262232060786,32.30868944906757,319
622761,"Mateo, Jorge","R","71.923690884",30.438442027518413,6.528336662943176,-0.285524425376375,0.4285714285714286,-4.526992665220094,27.568783384495106,32.0957760497152,27.45534483575612,147
699625,"Crooks, Jimmy","L","71.910688667",35.42203080383128,15.04244885694194,-2.081584394272782,0.4444444444444444,11.122674528008094,37.52296760353687,26.40029307552878,26.597794558720906,90
672580,"Garcia, Maikel","R","71.908455112",27.117438622845743,4.538622150540352,0.51161683889918,0.44157303370786516,3.4230604961328632,33.93051821436663,30.50745771823377,25.94260613784594,890
669720,"Hays, Austin","R","71.906863226",30.79035647392868,14.221639170788785,-5.619907151051406,0.659217877094972,23.234436989219134,35.781250607614446,12.546813618395303,28.600755236780497,716
681481,"Carpenter, Kerry","L","71.899245657",34.84246019332998,17.048068970739028,-0.42020440882805044,0.48783454987834546,-6.6586832983616135,25.74015737056792,32.39884066892952,29.107885261411703,822
676551,"Hicklen, Brewer","R","71.892671111",30.06769068009104,15.37830846265615,-9.633501263204112,0.4444444444444444,5.293443134490264,35.484704716702716,30.191261582212448,30.067841609261833,9
807799,"Yoshida, Masataka","L","71.882010211",32.80528644196533,10.018462488459766,-1.7335654222004833,0.5192982456140349,1.0706607540087063,31.502229875226313,30.431569121217603,25.108312892818546,285
650559,"De La Cruz, Bryan","R","71.831915909",41.269571265942396,12.646159688221408,4.834314370198872,0.5454545454545454,-2.256453653096108,27.419195095686657,29.675648748782766,27.18335263141253,88
682927,"Simon, Ronny","R","71.825284773",26.36936074444612,3.8204206142715393,3.633562942967605,0.4848484848484849,-1.0924944948440671,28.13479577462203,29.227290269466096,26.746428589259057,132
642731,"Estrada, Thairo","R","71.799745257",30.384845401733354,11.654889830216167,-4.804752964782997,0.5588235294117647,9.062690565124774,35.97992277100244,26.917232205877667,26.940404603527785,272
682997,"Callihan, Tyler","L","71.794441111",32.34592223837971,14.528808258417742,-6.927015577412384,0.7777777777777778,5.006514101264525,34.49539671716457,29.48888261590004,28.749124783213933,9
666181,"Benson, Will","L","71.780608",33.49511405745906,14.208589021245084,-4.77321043537219,0.530952380952381,0.38165694917950527,27.436837950830505,27.055181001651004,31.52704341585261,420
664059,"Haggerty, Sam","R","71.777511957",32.23352940714512,3.0499045143532517,-0.4621977219914781,0.3131672597864769,8.204888472847246,27.487690817193272,19.282802344346024,30.001644247870022,281
656811,"O'Hearn, Ryan","L","71.773209505",33.44222045892977,11.216178719611028,1.6883515406098621,0.43344334433443343,0.2694821608279681,26.321187948020558,26.051705787192592,29.257733465881554,909
669398,"Workman, Gage","L","71.770334615",45.06823063495339,26.565458069803807,-10.26364326325903,0.15384615384615388,6.885707830385969,35.58459774125713,28.698889910871156,28.53303983777303,26
676466,"Winkler, Jack","R","71.76530697",25.176418972958615,8.408032995034592,-3.9047621542462947,0.5454545454545454,5.655603945741812,33.447522359702525,27.79191841396072,30.117658659068887,33
641598,"Garver, Mitch","R","71.763671289",29.347885743340694,15.800950929943125,-8.01075672178717,0.6229116945107398,7.822192557920008,34.82836738970666,27.00617483178665,27.23864378729381,419
669450,"Hummel, Cooper","R","71.753026235",28.571295564447805,12.044732412824342,-6.666437098476383,0.46470588235294114,0.3120553980867222,31.921401894806937,31.609346496720214,28.327405299402557,170
682729,"Clase, Jonatan","R","71.752121538",32.29106105357362,6.958928402498521,-1.7682544359928347,0.46153846153846156,3.1087902450206233,31.199679030254472,28.09088878523385,25.85191826566533,169
664238,"Moore, Dylan","R","71.751947569",31.065012625689693,7.7399519143381355,-2.502418954550787,0.5370370370370371,4.471215123164868,26.995172677800173,22.523957554635306,30.11800236770193,432
543510,"McCann, James","R","71.721273257",36.009773564997765,10.969926075011475,-3.5832036678214556,0.4495412844036697,14.055422346918299,38.2894824741399,24.234060127221603,27.580082929125666,218
664761,"Bohm, Alec","R","71.710521857",29.740566470748533,5.404622694751714,4.471256321985282,0.47012987012987006,0.9055346884932333,26.611970824847294,25.70643613635407,29.67344053738828,770
680118,"Blanco, Dairon","R","71.704437273",30.141250534874917,12.68012464953253,-6.631530713508937,0.36363636363636365,1.5733468159380077,29.286438280214103,27.713091464276097,27.406080012240842,11
672640,"Lopez, Otto","R","71.697503158",29.93363167890192,7.398473100012282,-2.3083077242914416,0.48512585812356984,1.1738937231288025,30.4791758777491,29.30528215462029,28.51782077507989,874
693307,"Dingler, Dillon","R","71.690906274",39.77526113032634,10.787561039462531,-0.3262965203600955,0.49417852522639055,2.15563062988572,27.77805584087593,25.622425210990198,28.352036616870613,773
609280,"Andujar, Miguel","R","71.675390714",25.83157751863624,6.306761087989893,-6.8209929681331065,0.5374149659863945,4.535026077973599,32.75909799348926,28.224071915515662,30.70367393297575,588
668709,"Bleday, JJ","L","71.673115385",31.640965664896232,15.501560489127932,-11.131288522937572,0.5,5.086961174621153,31.99964452858977,26.912683353968607,31.47595165292246,520
663837,"Vierling, Matt","R","71.66896843",31.567759376446272,6.769747255641443,1.7098699530810297,0.40697674418604657,-7.112122860518733,29.678919053834086,36.79104191435281,27.59079877356734,172
664023,"Happ, Ian","R","71.668839664",32.731270761285884,10.287770673575777,-5.531630682546902,0.46449136276391556,2.8007389254113644,33.99404178276678,31.19330285735541,26.700805645779415,1042
669477,"Schmitt, Casey","R","71.657886281",35.02171726006186,11.392503349590982,-7.7172215794938825,0.4706867671691792,3.30010094198282,32.64532890869836,29.345227966715534,23.53795004531952,597
691783,"Lawlar, Jordan","R","71.653956792",34.18564856145095,17.64129215095631,-13.294127480012529,0.4811320754716981,9.46029810609101,36.194024003979735,26.733725897888732,28.99519974735124,106
678662,"Tovar, Ezequiel","R","71.626449315",36.09662077013837,10.942715075159503,0.6098524298405418,0.5219638242894057,0.786184261986627,29.120274341551273,28.334090079564646,23.868547516584584,774
650489,"Castro, Willi","R","71.612669441",37.273688860642125,7.682911686705199,-3.525696201759469,0.43726708074534154,-1.7857259180669538,30.10748339336429,31.893209311431242,24.186100114219094,805
669707,"Triolo, Jared","R","71.605172385",37.29118735157912,8.766607697171443,-2.421690183021501,0.4463373083475299,-1.2115473859140697,28.232899769129332,29.444447155043402,26.93314103605567,587
641584,"Fraley, Jake","L","71.602781176",37.51183043499478,8.981712901345164,-6.587857354026996,0.37941176470588245,0.0332763638358661,29.656296775999582,29.623020412163715,28.05310425478032,340
646240,"Devers, Rafael","L","71.576284145",29.89234432790668,9.96194156548876,4.520520581855598,0.594847775175644,6.07121947143791,28.546084468256332,22.474864996818418,25.92262103714761,1281
690924,"Fulford, Braxton","R","71.567188073",29.170014688753593,11.041243770326226,-8.27929851998069,0.5312499999999999,14.118530365359852,36.472531041474284,22.354000676114428,26.04415263842657,192
671221,"Waters, Drew","R","71.565999873",41.765156706205666,8.705618865046855,4.848991792471575,0.48223350253807096,4.525683005351527,31.260108694938808,26.734425689587283,26.956487886402666,394
672275,"Bailey, Patrick","R","71.564001499",32.94039508294392,8.540075020011313,-3.539099021037816,0.4551539491298527,2.840477304085322,30.36043433130138,27.519957027216055,28.711374080434553,747
682848,"Rodríguez, Endy","R","71.545524819",33.361538618261704,7.0218041289263375,-4.0327668276111375,0.46987951807228917,0.8825522819556475,31.363100332045335,30.480548050089688,26.463124300391645,83
676801,"McCormick, Chas","R","71.532296447",33.97129716494504,21.194168464840047,-1.142628458861097,0.38071065989847713,7.203151112358709,27.76157682975353,20.558425717394815,33.26599300233042,197
805811,"Eldridge, Bryce","L","71.522124407",36.964554820804395,13.056870247062758,0.2636741153845319,0.4915254237288135,8.436495841903652,26.99199043289753,18.555494590993877,26.797257900499567,59
677649,"Duran, Ezequiel","R","71.496004504",28.499874135926174,5.999114052934271,-0.6236035997930081,0.4101876675603217,-1.0853197446385336,30.389259886813424,31.474579631451963,25.01459817579111,373
595978,"Hedges, Austin","R","71.486815548",26.629360207001103,13.236420257582337,-9.299520614501015,0.6677740863787375,6.244861351124536,36.85998154911639,30.615120197991846,27.166138308478548,301
682988,"Locklear, Tyler","R","71.467339087",33.98967863269268,12.615009791102839,1.3597794234805614,0.48557692307692296,10.507595264440614,26.538086229625744,16.03049096518513,31.364926290097927,208
676914,"Schneider, Davis","R","71.457897541",33.60780610205843,20.60459299387345,-6.259961618044733,0.40540540540540543,3.3999233858477127,34.65275644014409,31.252833054296378,24.81037480637275,370
571448,"Arenado, Nolan","R","71.430622896",33.199347661317354,10.542749551890948,-9.010603505093346,0.5648414985590778,2.953002211921194,34.921062476161325,31.968060264240133,29.309318341588394,694
687263,"Neto, Zach","R","71.408776519",39.041024809697326,18.059545650756693,-5.656547601056967,0.4821621621621622,17.91012103611312,36.306436051866946,18.39631501575382,21.57411449348707,925
665155,"Maton, Nick","L","71.381060194",35.91196272281158,19.602951584683304,-9.164851741363293,0.41747572815533984,7.605131875842923,37.55905464451641,29.95392276867348,22.658797287748946,103
702284,"Young, Cole","L","71.379656904",28.077926500427626,7.620117752545692,1.004549093086366,0.5279187817258882,-0.09009901761413516,23.952190357964167,24.0422893755783,23.89915063801664,394
669016,"Marsh, Brandon","L","71.377627064",38.50735568932965,9.410080358143185,-0.3615809795256318,0.40988372093023256,-0.3424322903396843,27.491365391995174,27.833797682334858,29.380383482360692,688
671289,"Freeman, Tyler","R","71.319275474",35.57226156116774,2.894733932181829,0.5299313257263617,0.3265940902021773,-0.910560509676476,29.571790631798187,30.48235114147467,28.389263928512086,643
606992,"Haase, Eric","R","71.318593357",33.18227511127481,11.739812987672538,0.5939418551451255,0.5357142857142857,5.702012934760681,28.18115864277469,22.47914570801401,29.08884494969341,140
596146,"Kepler, Max","L","71.317041545",31.785791547070794,7.785160667212518,-6.995784038917334,0.44572158365261816,0.11213739476076617,32.52021179142138,32.40807439666062,30.113633281720844,783
596117,"Stubbs, Garrett","L","71.285113333",21.324868647974636,26.927971872164548,-22.374224266295354,0,6.439448830210022,39.15067715108042,32.7112283208704,25.69917900032997,3
467793,"Santana, Carlos","R","71.281599818",26.70380217441478,12.82991680233424,-5.603004162733334,0.6454545454545457,6.749869051071724,34.06614855547477,27.316279504403038,26.953710016637185,770
668731,"Baddoo, Akil","L","71.245459375",26.937272247326458,15.482833227226832,-2.2704763482678834,0.625,-1.2570650663234824,27.10385364492769,28.36091871125117,30.692661797206107,32
668901,"Vientos, Mark","R","71.24039673",31.87140309766845,14.570702695562801,1.1945231270001113,0.619949494949495,1.5149921010933993,28.131667919504228,26.616675818410823,28.766284419607544,792
665750,"Taveras, Leody","R","71.232573301",31.187312715974233,6.324588698751111,-4.089986458698527,0.3986928104575163,1.4023999796519004,31.316057584460918,29.91365760480902,27.408307703876122,306
696030,"Osuna, Alejandro","L","71.228230734",29.850782028314395,4.693965888923564,5.0787487287808775,0.41608391608391615,4.782198716261189,28.46973065653497,23.68753194027378,24.071705739387564,286
677950,"Thomas, Alek","L","71.188748702",27.620324640547963,9.964327438229708,0.22654089909789624,0.6015727391874182,12.950450903772772,33.45988737384206,20.509436470069286,26.981606873373916,763
455117,"Maldonado, Martín","R","71.187740233",31.797244411578184,15.052366021656669,-7.668924661949758,0.5255813953488372,10.25334996896855,36.46357919416465,26.210229225196098,29.426798000936866,215
607208,"Turner, Trea","R","71.186826507",27.878889905684385,8.09203400319674,-2.9213903773049235,0.5998116760828627,0.45700442975780226,29.33639893153883,28.879394501781032,28.78870167331335,1062
663647,"Hayes, Ke'Bryan","R","71.186608188",26.46168155971393,4.29683015404886,1.474235459675902,0.4335748792270532,1.5721917535693872,34.52246094295531,32.950269189385914,25.850927394011332,828
690984,"Halpin, Petey","L","71.185481538",38.89523758378285,10.337764602902292,-3.5412014719991776,0.5384615384615385,3.3926764553371327,32.99464050630721,29.60196405097008,24.779911504899538,13
592178,"Bryant, Kris","R","71.176536197",35.13557286005791,14.992573661838405,-2.9756090300144145,0.5492957746478873,4.2196535504150665,31.74658561635245,27.526932065937388,28.090839300469277,71
571970,"Muncy, Max","L","71.174131852",34.68513819359478,17.902524686997573,-4.776092554379592,0.48989898989899006,10.69664139757727,37.663884710393745,26.967243312816482,28.258625493186816,594
593871,"Polanco, Jorge","R","71.173813463",30.481697203856,9.457860586745232,-10.557712387593385,0.56625,6.649694117821867,32.19046233228346,25.5407682144616,27.869450750628385,800
573262,"Yastrzemski, Mike","L","71.154200652",30.423546610773123,10.939984306621772,-2.680181695811257,0.6694312796208531,1.2349428646838485,30.282284243595626,29.047341378911778,24.682245666936502,844
663604,"Lockridge, Brandon","R","71.138003769",29.618804068034784,4.859155973443156,3.9638991820425216,0.3884615384615384,2.671108351920836,29.516012365174745,26.844904013253913,30.896686037701315,260
679822,"Foscue, Justin","R","71.131242778",28.468836423928593,8.330471431874502,-0.710683009920974,0.6666666666666667,2.820311062776987,31.830487308970635,29.010176246193648,27.882529279060364,18
666126,"Cortes, Carlos","L","71.129963419",26.338247996665572,9.026198644916448,-1.7844237683183912,0.5741935483870967,8.453170711451717,29.568415573427494,21.115244861975775,31.231339342777808,155
656775,"Mullins, Cedric","L","71.117985693",29.181988241623483,11.305631400870743,-6.032817661460892,0.6270207852193994,-3.1163239861214445,28.649351543240353,31.7656755293618,24.14733813014906,866
457705,"McCutchen, Andrew","R","71.113187166",34.46693537004212,14.536913247642103,-0.7812147053621687,0.5317460317460316,-4.911471865638706,24.897371726453017,29.808843592091716,28.9814776550303,882
691026,"Winn, Masyn","R","71.101336577",29.102425464346656,5.5488089156542255,-3.860938333094908,0.43658810325476993,0.4383700072707897,34.01385814064368,33.575488133372865,23.06399959442487,891
692216,"Kayfus, CJ","L","71.089003689",37.9929413474695,11.253446923450962,-2.0407712260343436,0.41333333333333333,0.428458661179982,29.871174031271355,29.44271537009137,21.5452244999869,225
596115,"Story, Trevor","R","71.088040828",29.41533898047809,10.540713413227651,-4.526314112332285,0.46160409556313997,9.659274010969254,35.360044155488985,25.70077014451973,29.912583101465568,1172
608385,"Winker, Jesse","L","71.087214407",35.39192507139103,13.93477876967585,3.3382248017602247,0.6440677966101696,4.53951684760158,31.48445330933716,26.94493646173558,26.089171502234812,118
571771,"Hernández, Enrique","R","71.086814788",29.981453872091006,10.302796949678568,-3.766626488198025,0.5317796610169492,3.576648378780351,32.32645344618477,28.749805067404413,31.09132033265138,472
622534,"Margot, Manuel","R","71.064311212",26.11713413455446,2.623393057767828,0.30897957458143294,0.2727272727272727,5.670886798277758,30.657411308392383,24.986524510114627,27.896123860227405,33
641487,"Crawford, J.P.","L","71.050039062",36.03808138584424,4.7103134790190815,1.6569155453220659,0.3677298311444653,1.6859095435081795,36.608496356597605,34.92258681308944,27.63642754227121,1066
676356,"DeLuca, Jonny","R","71.049039596",26.19964595772243,6.687817970907785,-9.134370667103026,0.5858585858585859,6.490717163745921,33.69580357657967,27.20508641283375,26.902003235544438,99
663757,"Grisham, Trent","L","71.018787335",30.893404056548608,16.661754285258954,1.7946011788526726,0.5778331257783312,-9.2137731671833,24.09441837293668,33.30819154011998,31.006727990735044,803
678882,"Rafaela, Ceddanne","R","71.017957464",32.628845933309755,11.569677342764404,-1.493574516664138,0.571557971014493,3.0291038515527013,33.51967177225217,30.490567920699483,26.78260139779226,1104
656555,"Hoskins, Rhys","R","71.011597791",33.63606694224978,16.755951911258062,-6.922573181110873,0.47731755424063116,1.3393865251809827,32.5006410569107,31.16125453172973,28.57258811884671,507
664034,"France, Ty","R","71.010602655",34.79876410015505,10.668438271414338,5.234239908952326,0.472514619883041,-0.833311454218957,27.521521677091773,28.354833131310727,26.483268358019735,855
695391,"Harris, Brett","R","71.010082403",28.179349741494296,7.898697927482235,-5.889640277434713,0.5348837209302325,4.4966376945957505,25.02243148511037,20.52579379051462,25.278007393347938,129
608324,"Bregman, Alex","R","71.001324846",28.08988046368347,13.517700258830358,-5.093916980447763,0.6582633053221287,3.1446407823101623,31.805366229482146,28.660725447171984,24.777290238904836,714
668952,"Kreidler, Ryan","R","70.995321266",38.78069303827438,17.409828020502705,-2.0312473998190654,0.4430379746835443,5.982044667510188,30.5809616363706,24.59891696886041,30.01767233187627,79
691728,"Veen, Zac","L","70.992057826",30.125514631116545,6.996827489256831,6.042069035138342,0.463768115942029,-2.8592805473888507,26.12181849136124,28.98109903875009,29.769322055897504,69
640902,"Pereda, Jhonny","R","70.972347273",30.391478834305616,4.172136366670276,5.982793314925208,0.512396694214876,-4.230875010173406,22.846304601679442,27.07717961185285,29.39898237747263,121
667472,"Myers, Dane","R","70.965604325",27.105118021812387,10.94718556164922,3.731034251338047,0.6316916488222697,-2.1072409746453866,29.503389487466148,31.610630462111537,27.43506549805435,467
596019,"Lindor, Francisco","R","70.957487339",33.83563853883949,11.111948204624506,-1.5739184594792492,0.5110169491525423,2.244116478274238,29.320619703574103,27.07650322529986,26.006470452698046,1180
647304,"Naylor, Josh","L","70.951185801",31.35705687133909,7.507167480793827,-8.312040596355095,0.4404761904761905,-0.09791360339657033,25.304948987610842,25.402862591007416,26.583220793236258,924
608070,"Ramírez, José","R","70.947914345",29.80891954554411,8.865304032389423,-9.413254329328785,0.6070110701107013,2.3617015599338482,32.581571339558046,30.21986977962419,22.688361971464502,1084
630105,"Cronenworth, Jake","L","70.938401161",31.147489161295614,7.444196644544006,-0.6878548469229249,0.3645443196004994,-2.8000045664885698,30.6077753069776,33.40777987346617,28.303564302458923,801
595777,"Profar, Jurickson","R","70.930405295",30.86506323279612,10.824913764405606,-7.588326177741519,0.563237774030354,2.6567030972528807,34.44673592366186,31.790032826408975,25.76155058926026,593
686676,"Lee, Korey","R","70.930072698",29.938466849025946,11.484151922791169,-7.9028822693725775,0.5873015873015872,5.805127865172624,32.20675786786074,26.401630002688115,25.781465297252563,63
682177,"Schneemann, Daniel","L","70.924933455",34.896170620650146,14.00822938051338,3.1454755379423505,0.503030303030303,4.7849866872548334,33.80604585607629,29.021059168821452,26.094711944201293,660
672515,"Moreno, Gabriel","R","70.919275513",33.779568160268475,8.265911125726848,4.3915700726490705,0.5106382978723403,5.185605910158205,33.3796899076857,28.194083997527486,26.328778838728415,517
543309,"Higashioka, Kyle","R","70.908525098",32.30134291799256,12.580379213036627,-6.837649843105168,0.5507812500000001,-0.9314993238087498,29.442019488784922,30.37351881259367,23.7879178791927,512
621020,"Swanson, Dansby","R","70.907170337",34.57221344357145,15.639832502728773,-1.5147349466056295,0.5943312666076175,1.9238120467670234,32.3863174494602,30.462505402693186,27.56386377066522,1129
642851,"Wynns, Austin","R","70.881063586",34.42105423745063,13.417164446403284,-7.572539896645059,0.4646464646464647,4.993871902129484,33.95619651883723,28.962324616707743,29.047097978685553,198
668715,"Steer, Spencer","R","70.872283211",28.337436517937295,12.417551106694722,-4.09894745165066,0.5802845528455285,3.6866853001178614,32.72744485827101,29.040759558153134,25.626031295355467,984
602104,"Urías, Ramón","R","70.847987266",27.10549870484557,13.72399489464224,0.3329024978801492,0.70625,-0.33313331003707325,29.269721076087052,29.602854386124122,28.40992035573269,640
677588,"Tena, José","L","70.796796705",35.056710184197044,3.582901949455841,2.384259720207633,0.3560606060606061,-3.716848344089277,30.739573480892563,34.45642182498183,25.907042090173963,264
605244,"Garcia, Aramis","R","70.77862",28.417300069239587,9.97003866553322,5.570325448074081,0.5,-1.377517983680927,25.74536395097021,27.122881934651137,28.806169376425743,6
620443,"Torrens, Luis","R","70.763726574",29.851199447371396,9.743411426721755,6.1432435839881325,0.5617021276595746,-1.8572197445641092,25.426743336669123,27.283963081233228,29.942728608840575,470
686668,"Doyle, Brenton","R","70.753457343",30.288028537174355,11.521473510303654,0.591269282577904,0.6461716937354989,1.9586528599870223,26.037605271802736,24.07895241181571,29.09176966023826,862
690993,"Keith, Colt","L","70.746111175",32.89812962771581,11.779199166009978,-2.534935187457072,0.48770491803278704,8.701621873599093,31.493711981871904,22.79209010827281,28.708330077458996,732
643446,"McNeil, Jeff","L","70.745086822",33.060260401349346,8.649865725819652,-4.93122173201487,0.47288776796973503,-0.9155952396050531,29.943452170398658,30.859047410003715,24.840482699991714,793
676059,"Westburg, Jordan","R","70.743568843",29.785863401474025,10.491105701158007,-1.4899852122690067,0.592526690391459,7.5666384363919335,31.150372755198962,23.58373431880703,32.359264463448284,562
690976,"Freeland, Alex","R","70.742310072",30.88910607754247,12.750743784724929,-1.8330769987425528,0.6330935251798561,2.923397940620924,32.52951874061312,29.606120799992187,28.084026943104163,139
644433,"Tromp, Chadwick","R","70.729146296",29.870765803121028,7.688216806054812,-4.659812967758938,0.5185185185185185,6.557785508560563,29.8303694355151,23.272583926954535,27.10999517427444,27
682668,"Acuña, Luisangel","R","70.699764105",25.287195857521475,3.443358344407379,4.803062249156396,0.41754385964912283,0.9636207252623152,29.04807086249588,28.08445013723357,25.480852539750046,285
624512,"McGuire, Reese","L","70.684582809",32.64943260602277,13.90643633956962,-7.870140177227353,0.5191489361702127,-0.2482544784259572,31.889836302131624,32.138090780557576,29.2583704038406,235
693409,"Prieto, César","L","70.682502857",33.74021005846562,18.49501855001247,-14.64378687195845,0.5,2.3963879622796895,35.00396145313555,32.60757349085586,26.52843713990416,14
669304,"Miranda, Jose","R","70.673243214",26.020955268119426,10.504306995690731,-4.259322555735751,0.625,6.965236181755058,35.25033531740656,28.285099135651503,31.224826290435452,56
681460,"Baldwin, Brooks","R","70.672030575",29.960523110629733,11.194587777805662,2.8825098341913904,0.5923344947735191,1.0688565870825426,29.54373065144686,28.474874064364318,30.138698696422612,574
680862,"MacIver, Willie","R","70.668695135",31.40506462103562,8.872320913584671,4.277226139689404,0.5459459459459459,-2.1523744970247343,25.73215666028757,27.884531157312303,31.262210573361212,185
683734,"Vaughn, Andrew","R","70.65558916",29.412898005810646,7.7989408448641155,-1.7916974008218391,0.48319327731092454,-2.145904904019271,29.495821765761622,31.641726669780887,29.095871281089345,714
668930,"Turang, Brice","L","70.643209402",31.165606713550883,6.938807478439219,8.235245341270488,0.45098039215686264,1.2498811497124687,31.84740538614861,30.597524236436133,26.813079797976762,1071
691182,"Amador, Adael","R","70.640368846",29.859782212478986,5.1717301510161136,-7.699596242674211,0.4010989010989011,4.834719060906609,33.77424022688458,28.939521165977975,25.87831740328246,182
677870,"Jiménez, Leo","R","70.638881538",30.523648302011715,5.45340528154452,2.1860546764792055,0.46153846153846156,4.342863597187733,28.35020939837898,24.007345801191253,29.073581778889068,52
678246,"Vargas, Miguel","R","70.631688011",35.43110074207817,11.903977693765649,-2.986604201377576,0.645744680851064,4.724753688455783,35.31319811280426,30.588444424348477,28.067495654092323,940
680911,"Miller, Owen","R","70.619380357",35.88719950182022,5.787838161763635,1.8367951636088762,0.3214285714285714,4.337674940961931,29.43279434640334,25.09511940544141,27.119019204920022,28
702616,"Holliday, Jackson","L","70.618351546",31.890876965595172,8.28581742443643,5.560444807891578,0.5281124497991968,0.31498075725002994,26.176596359448812,25.861615602198782,27.564199662947097,996
606115,"Arcia, Orlando","R","70.596135562",26.778652534324685,7.424626962584204,-0.2924606506710446,0.5753424657534245,1.019683848258965,29.107529146401333,28.08784529814236,26.832312215647725,365
700932,"Manzardo, Kyle","L","70.594998772",37.019465652018525,17.333712549454212,-0.6147122345429631,0.5216374269005848,10.910463253112837,33.631589843798125,22.72112659068529,31.399889338266807,855
666971,"Gurriel Jr., Lourdes","R","70.593145666",36.88271990210819,10.500060962816608,-6.02150091405314,0.504875406283857,2.337980603135189,31.10328687451302,28.765306271377828,26.06059986537394,923
677943,"Banfield, Will","R","70.576871364",29.50027790905727,7.974444775248896,-12.073601767724869,0.5,4.653217993206481,37.186722565914,32.53350457270752,27.993770735327114,22
687859,"Johnston, Troy","L","70.571048182",32.01740413859467,11.292636837400796,-4.113751579930219,0.5454545454545454,-0.08195975132036715,32.915991120049135,32.99795087136951,27.46592009761482,209
681508,"Gasper, Mickey","R","70.568511039",26.931338634779483,9.334774827879736,-4.879610611333617,0.5714285714285715,11.079671809359024,31.92203534870994,20.842363539350917,28.968265703347996,154
695670,"Ford, Harry","R","70.560820714",35.86675893560763,19.92909937471716,-10.484098919609872,0.5,16.02634398536928,43.83221097133968,27.805866985970393,24.151780298240524,14
672761,"Pérez, Wenceel","R","70.54541386",29.726228892575158,7.981501277625397,-4.040022304678345,0.5186289120715349,2.968964116186573,28.276147178045314,25.307183061858737,24.19560973153921,671
666152,"Hamilton, David","L","70.53192275",29.976208732272816,6.863421621499651,-4.659356732040405,0.45,9.606774057464273,31.500887334661115,21.894113277196837,29.876873499728035,280
664728,"Isbel, Kyle","L","70.527229007",24.398577974983656,2.3757957388654884,-4.305270248129499,0.3602941176470587,2.818537790165242,31.146632201895823,28.32809441173057,26.129401891445976,544
663731,"Kaiser, Connor","R","70.520705",30.407952731168713,8.386038957521446,-5.295994967676066,0.5,4.804046403692003,32.02483611573637,27.220789712044365,29.449546391334533,26
668670,"Rogers, Jake","R","70.518442387",31.154690453424646,16.04926263312251,-2.217474540417745,0.6486486486486487,3.854767131135794,32.45723755473576,28.602470423599968,28.844533086784853,222
693304,"Gonzales, Nick","R","70.517897698",33.153892165586754,8.919790669326634,-0.07634725340734708,0.5352517985611512,-1.9105341936177982,29.958125520403595,31.868659714021383,26.946870517912807,695
592206,"Castellanos, Nick","R","70.517567823",39.95516858329644,15.060732647410395,-4.521300154001742,0.4701159678858162,0.9842853068451078,30.785913087198423,29.801627780353314,29.036116603517815,1121
545121,"Vargas, Ildemaro","R","70.512082011",23.618988057269373,5.743175650358654,-6.564755603423929,0.46560846560846564,10.354721732756847,28.07663160962706,17.721909876870217,24.594599681300508,189
673490,"Kim, Ha-Seong","R","70.502534964",23.425338961668217,5.555559177264217,-1.841242829795394,0.5109489051094891,0.054691640485494075,33.35755253749072,33.302860897005225,26.280890773445922,274
805300,"Marsee, Jakob","L","70.488703403",33.29576878943841,5.331079942913595,-2.151417271312379,0.43283582089552236,-0.3475450232263787,30.031829466615857,30.379374489842235,29.793082686423947,335
669234,"Malloy, Justyn-Henry","R","70.48173301",40.67196552328679,16.002329534243128,-0.7672156448903467,0.5357142857142857,1.1034801671162737,32.06691013102621,30.96342996390994,28.659626783792532,196
666018,"Aranda, Jonathan","L","70.474476274",35.56934963328385,10.210204195835438,3.641418749857282,0.5616438356164385,0.09035448489249184,27.32246716738182,27.232112682489333,29.27360668622968,730
656185,"Allen, Greg","L","70.46197375",30.737767916667803,8.5428799314922,-5.626522763075377,0.7083333333333334,-3.58282687043201,28.299283215284238,31.88211008571625,26.778725532751082,24
608348,"Kelly, Carson","R","70.432022402",33.110386759806914,11.657234299595611,-3.9707656692662594,0.5285285285285284,1.01822669385511,30.94142630062074,29.923199606765642,29.57636066808095,666
665923,"Ruiz, Esteury","R","70.43101",36.751843534044774,13.439795425125771,-2.981523146684264,0.35000000000000003,-1.8248354313010218,28.317191099436737,30.14202653073776,30.123841322066305,40
665839,"Valdez, Enmanuel","L","70.403599301",27.399908322078275,8.527226017530344,-4.939919829408314,0.5874125874125875,-2.072457969354147,27.788797445326622,29.86125541468077,23.552767717597668,143
681807,"Fry, David","R","70.401437595",31.08766791684312,15.319086851470253,-5.463377611266118,0.6494845360824741,-0.050092544876982344,28.60351425548746,28.653606800364443,33.4299029572658,291
678391,"Vivas, Jorbit","L","70.330953545",29.362055930265342,5.152572762031511,-1.807918488645061,0.490909090909091,-6.785551107278829,27.067850452103265,33.8534015593821,25.83327058980569,110
621438,"Taylor, Tyrone","R","70.298012378",32.341056194343665,8.070717955955853,-8.413885526607665,0.5299625468164794,4.108216147995982,30.80407257055663,26.69585642256065,25.53125723862316,534
679032,"Rojas, Johan","R","70.290026346",24.327557695737493,6.295828479693368,2.7355664766084713,0.5538461538461538,-0.3399793244495023,28.317562139477225,28.65754146392673,26.36360972004872,260
666198,"Kieboom, Carter","R","70.284234444",28.629191397524565,5.969431781914535,-3.9907933491142917,0.5,4.82687776494199,30.951382649870453,26.124504884928466,26.223938596536318,18
673962,"Jung, Josh","R","70.283741103",37.6547496092993,11.4559007507492,2.594268488468795,0.5275862068965517,9.578495505073219,32.14941756286783,22.570922057794608,25.01283917565142,870
641856,"McKinney, Billy","L","70.252428378",35.9527091865553,11.369377392438125,2.6532046475771724,0.5135135135135135,6.708930478512508,28.926892347688973,22.217961869176463,29.20127908490851,37
682657,"Martínez, Angel","R","70.190628509",33.781666944798054,12.405421399054722,-6.972953797706502,0.5599022004889974,6.796663426085672,37.44355005089915,30.646886624813472,24.445842179711676,818
650402,"Torres, Gleyber","R","70.189734515",34.100908547364284,9.282865450095459,4.2079735984967614,0.5643459915611814,-2.194490758732939,30.34036559024448,32.53485634897742,26.39517891889186,948
640492,"Azocar, José","R","70.187141379",39.32942326135713,2.2521615170756633,4.231115105556341,0.3448275862068966,-1.3798150069064863,28.442902896362757,29.822717903269243,26.693578684684493,29
669242,"Edman, Tommy","R","70.183830106",26.591355936960365,9.881294220550771,-1.4176183997611767,0.597173144876325,1.2236000702763645,29.68802061303385,28.464420542757487,27.291290599984105,566
687478,"Devanney, Cam","R","70.16904029",32.928671965027874,13.024991098171556,1.7622754340223339,0.5507246376811594,-4.61211143740967,27.108522157998063,31.720633595407737,29.10250784161526,69
666397,"Julien, Edouard","L","70.167664984",41.59735681283452,13.843274305110516,5.647724645462296,0.45367412140575086,0.38449168661321853,29.362118425124653,28.977626738511432,27.756591492614866,313
669208,"Bliss, Ryan","R","70.144061897",31.452393143859123,12.556228575207706,2.1149894216812437,0.6551724137931034,3.809516662713911,29.015542187912985,25.20602552519907,28.09755642706345,58
663886,"Stephenson, Tyler","R","70.140759643",37.50079030054403,13.302747273461462,0.6889303462889161,0.513157894736842,2.1592357494660637,29.20971465574174,27.05047890627568,29.320101717535643,532
518595,"d'Arnaud, Travis","R","70.134599927",32.76004553504196,14.877710362082638,-3.9481094452432033,0.5641646489104116,2.9634141756703243,31.587053571285054,28.623639395614735,29.283993425492127,413
680737,"Helman, Michael","R","70.122550105",27.961156947335542,12.035220552304015,-9.22365030339174,0.7473684210526316,1.641564967784177,34.08433496863887,32.44277000085469,24.968542071270992,190
665861,"Rivero, Sebastián","R","70.122365493",34.20520778538899,11.331028475606443,-2.490191331221395,0.6197183098591549,1.70569928248986,30.714181991636075,29.008482709146215,27.86660172145172,71
686681,"Massey, Michael","L","70.115340811",31.424499173286165,13.371007934230127,-6.475484594447482,0.5966735966735965,5.2489205016720915,32.31252472244153,27.063604220769445,27.061773624362296,481
641355,"Bellinger, Cody","L","70.110897618",32.36055080692064,12.862294958209684,-3.1345472608711162,0.5932203389830509,-2.634230319045438,30.082918984612842,32.71714930365828,21.03212304600008,1121
702176,"Roden, Alan","L","70.100367009",27.039087902613833,9.792491508955093,-5.4781125538036735,0.45089285714285715,8.456000635087578,34.950704626243265,26.49470399115569,28.222895595789254,224
668939,"Rutschman, Adley","R","70.067448536",34.564702179080385,9.37159962609224,-1.3223060734489946,0.4809885931558936,-1.0237692971750976,25.998639413863025,27.02240871103812,26.388995921379333,526
694362,"Dunn, Blake","R","70.048456909",38.16159222872213,4.576742057764495,6.162802861999783,0.3818181818181819,0.9855843988112496,29.451332461752713,28.465748062941465,29.177653736894346,110
664954,"Sullivan, Brett","L","70.0212175",32.07192051212494,5.42986260259264,-6.737396725391648,0.5625,-0.6462393441249739,30.58390160344225,31.230140947567225,27.601230644088986,16
664774,"Wade Jr., LaMonte","L","70.016405849",31.825319916793045,9.063002642857356,0.29865176443547653,0.5336927223719675,0.8069245553926773,32.327960520413974,31.52103596502131,23.255114009619454,371
695257,"Cook, Billy","R","70.008233636",30.97290611890823,12.933050687330585,-8.060459852453596,0.6363636363636364,8.360320511973557,31.929327289790674,23.56900677781712,26.544308819918196,11
677587,"Rocchio, Brayan","R","69.997537065",28.958622778143315,10.95494923481215,-5.8751168692811415,0.5080645161290324,8.390417597478907,34.257051494882816,25.866633897403897,23.86496358212114,620
663368,"Perkins, Blake","R","69.982733222",30.294525706702125,8.758144148796712,3.3370911746717864,0.5648535564853555,1.3863121214976053,27.03384890240833,25.647536780910723,30.525202974184186,239
694497,"Carter, Evan","L","69.959813822",32.73722950896854,8.755703975590277,-8.338434465524248,0.464968152866242,5.964193138767402,34.893302982518854,28.929109843751448,23.77554238292454,314
645305,"Sánchez, Ali","R","69.955427561",32.27837503203989,11.177055034663994,2.001387247690138,0.6585365853658536,2.7614809451853564,31.033022320786472,28.271541375601117,31.00286254317935,41
678009,"Meadows, Parker","L","69.923306535",30.166321361923536,7.67011526019162,-3.566522642545184,0.4711246200607903,6.718948799291305,34.088964912643235,27.370016113351934,29.351784285789247,329
656413,"Fairchild, Stuart","R","69.8888",37.27365345970889,13.544065449750951,-2.7398722069611514,0.5952380952380952,-0.3441292701238319,31.018989697271337,31.36311896739517,22.69628681549038,84
680837,"Fitzgerald, Ryan","L","69.883352286",30.779834783073834,15.166727839300947,-5.330342996302002,0.6285714285714284,-1.8308132093557643,28.76049084242868,30.591304051784448,28.584412433941704,70
683766,"Koss, Christian","R","69.879297815",28.222044262031183,8.950924670148629,5.03556624857348,0.5761589403973509,-1.532479640349939,25.54225403490407,27.074733675254006,29.45777059398616,302
670770,"Friedl, TJ","L","69.877426898",28.296310381291136,9.359718645122465,-7.846269278770935,0.5957446808510636,8.08757290776008,40.37208063778142,32.28450773002133,24.360896374450064,893
671083,"Kennedy, Buddy","R","69.868341458",35.316529044626904,6.872810243703142,-11.466319194979132,0.375,3.6317936227698113,32.93199937224338,29.30020574947357,24.686546554830674,48
518692,"Freeman, Freddie","L","69.860023438",43.08154454810635,10.698467701083025,0.9547901675835544,0.463594470046083,-2.1545365148831017,26.99304823970176,29.14758475458487,30.383468414367698,1085
542963,"Brantly, Rob","L","69.8545425",34.55752794767122,11.770424632685453,-6.188285192677728,0.24999999999999994,-0.8847636750430686,28.199885917655745,29.084649592698813,26.7659320445776,12
621035,"Taylor, Chris","R","69.848293692",37.451531594915934,12.575584286434964,-1.844287386377329,0.49065420560747663,2.0354638527905955,34.26845261892991,32.23298876613932,31.77217037195442,214
695336,"Saggese, Thomas","R","69.837540503",37.85540841227864,7.758705737672847,5.514754607733455,0.4061895551257254,4.878448527474574,27.222559800326348,22.344111272851784,26.44279363217248,517
676439,"Feduccia, Hunter","L","69.820053278",34.905748902443264,10.705538039779155,-1.367153528733263,0.4944444444444444,8.45274843631357,31.20818764741948,22.755439211105912,25.73882491634639,180
669257,"Smith, Will","R","69.791438858",34.00084354940851,11.756574931922547,0.8314320153782094,0.625,-1.6564586628538505,31.262133997309892,32.918592660163746,28.985881003910304,648
664983,"McCarthy, Jake","L","69.751045768",32.35242459311511,8.414418510046449,-1.2450688539641162,0.48115942028985503,-1.8652571886338127,28.460219496839198,30.32547668547301,32.420670090693605,345
686475,"Tolbert, Tyler","R","69.727759667",27.518594152950087,10.255272761267214,-9.930709101130137,0.5222222222222221,4.70320214390083,35.475509523202845,30.772307379302017,25.8997423787117,90
514888,"Altuve, Jose","R","69.713636176",28.774727599589003,15.311123591400802,-5.65465944944007,0.5533678756476684,17.26780965075162,30.103093808462717,12.835284157711099,30.140000543993594,965
694359,"Kavadas, Niko","L","69.707511765",39.79895746648483,18.753474237859134,-4.838556561091087,0.3529411764705882,11.849266207716997,37.2146166240518,25.3653504163348,27.2757262762799,34
810938,"Williamson, Ben","R","69.707365894",32.92888688135737,2.528786988606452,5.79541455065746,0.32416502946954817,-2.278782786105257,25.47871304133738,27.75749582744264,28.60114311437713,509
680574,"McLain, Matt","R","69.693676359",32.07637022809707,11.45089151993218,-0.05547177739589293,0.5654152445961321,4.05964405069179,32.15392065048609,28.094276599794288,27.05641732269301,879
677060,"Stevens, Chad","R","69.6731196",41.47623948932346,3.628083898663187,1.2863569715679992,0.16,3.793340027094254,26.08045665719479,22.287116630100535,26.680216510783385,25
670097,"Short, Zack","R","69.668127674",33.006727431634545,12.89514545083373,-1.9557005427704233,0.6511627906976745,1.2592386298766116,34.650925765240345,33.39168713536373,25.59922005594819,86
605361,"Martini, Nick","L","69.656039477",30.38254562604415,6.88856260297139,-1.2230848222225474,0.5058139534883721,-3.3142358436075456,26.321788719788735,29.636024563396283,28.468407233365802,172
664068,"Kingery, Scott","R","69.655264231",33.89813419321328,13.730008077092954,1.6837695190510777,0.7115384615384616,-2.124771667224826,29.298226437073108,31.422998104297932,27.1471642913822,52
688363,"Pauley, Graham","L","69.643275445",28.523552885456294,9.107330902134779,-4.974174633687851,0.5587188612099644,6.337977318231167,32.58682242617082,26.248845107939648,25.164625370501213,281
683737,"Busch, Michael","L","69.634582455",36.758041428443434,16.32324206298707,-1.0807756687758716,0.5037194473963869,1.5419501064049468,32.518141670639594,30.976191564234636,26.491511118705397,941
596103,"Slater, Austin","R","69.62605472",37.41464930764611,10.127042766171286,5.503237296140734,0.534965034965035,-4.419576303557635,29.453417647349216,33.872993950906846,25.804471172654345,286
807713,"Shaw, Matt","R","69.579410406",26.76557642877865,11.040384116389749,-1.8846700725222476,0.6540616246498601,1.8919637627949668,31.589819522942822,29.697855760147853,28.243192582078766,714
666158,"Lux, Gavin","L","69.569832481",33.28624094128655,11.281417183264875,2.4691649371282125,0.45372750642673515,-1.1678640820720767,32.09938079032471,33.267244872396795,26.49406128028615,778
666023,"Fermin, Freddy","R","69.565852612",34.520633593181124,8.870973701376846,-0.6851213847629769,0.49519230769230765,-0.34439121342673207,28.742121604392196,29.086512817818925,27.603203898232263,624
647351,"Toro, Abraham","R","69.565221411",31.950323264161973,11.185571766788916,-2.761831461509353,0.5290456431535268,6.476388832873336,35.48132119837966,29.00493236550632,28.843216428700025,482
650859,"Rengifo, Luis","R","69.537732968",33.63893159765929,7.210719585757327,3.7547284381132937,0.48837209302325596,7.95975031227163,26.521333977646492,18.561583665374865,26.310983744801177,903
592696,"Rosario, Eddie","L","69.530124286",30.058161307016675,11.987522874138241,2.1643662882231673,0.7142857142857143,0.86245063740204,26.941249058396664,26.078798420994627,30.090063355381833,14
686797,"Lee, Brooks","R","69.50977342",30.90711318553756,11.295914996528683,-4.626932741022047,0.5769682726204464,3.361768811779453,30.06197201072635,26.700203198946898,27.912161693926915,851
667452,"Julks, Corey","R","69.509182727",32.837025124717584,10.065759706364886,-4.419953579150199,0.36363636363636365,0.9999989922804431,35.35386398094798,34.35386498866753,31.14560706590479,22
650968,"Pozo, Yohel","R","69.484575078",25.74097829353199,6.751284350789214,-1.9327960713169152,0.4702194357366772,5.4979802351290195,29.117963170911985,23.619982935782968,29.28017165840792,319
600869,"Candelario, Jeimer","R","69.482962515",35.82507750794127,15.958816065838134,-6.595239729300842,0.50920245398773,4.170717036549739,31.070723239907064,26.900006203357325,27.47855173425206,163
643376,"Jansen, Danny","R","69.479564379",29.843951704177933,14.937305999641547,-5.065263366542146,0.6232741617357,12.40419893056228,35.210644481683374,22.8064455511211,30.232421081690305,507
621493,"Ward, Taylor","R","69.470514",32.11865440154829,9.09525407329269,-2.890134945456082,0.5550561797752811,1.798582315389081,33.45790379748523,31.659321482096157,25.717152225637847,890
691019,"Teel, Kyle","L","69.45159476",38.820979223936135,11.179044990045593,4.690530079204993,0.3924843423799583,-1.2815988955865047,28.97427310429307,30.255871999879577,28.40876844631417,479
677008,"Kjerstad, Heston","L","69.418081238",38.02828151564135,12.737918397635886,2.182537377010288,0.4755700325732899,-1.2725386481813996,28.669219450649315,29.94175809883072,29.132496303712905,307
649966,"Urías, Luis","R","69.416380455",27.81391587238504,11.18742373071962,-2.0281566111636655,0.7128099173553719,0.10166752115417657,29.70887385961144,29.607206338457267,25.943536725106195,484
685744,"Corona, Kenedy","R","69.406686667",26.001482861641964,3.2980393821352356,7.788408348904975,0.33333333333333337,-9.34425299294635,21.85664266486243,31.20089565780878,27.74620281399727,6
679845,"Loftin, Nick","R","69.379000842",29.829000305104337,8.385032098289265,-7.708074288210019,0.531135531135531,6.193009757415427,35.021947880596315,28.828938123180894,28.043866891206598,273
683083,"Nuñez, Nasim","R","69.361582532",29.638984635701096,5.080519179525502,6.278664836823516,0.44303797468354433,-1.3766513293471108,27.625778123502354,29.00242945284946,29.176602245210155,158
681082,"Stott, Bryson","L","69.352879829",32.77836981781165,7.489392810032087,2.068233510614042,0.5142207053469853,1.5959384645842416,28.215997121131046,26.620058656546803,23.709635993663568,879
672012,"Black, Tyler","L","69.350726667",38.773793710249976,8.686689680865394,7.5971717087295385,0.5,-7.564122273781587,20.256393200368198,27.820515474149783,25.885962910785675,18
686823,"Brennan, Will","L","69.345284118",31.215865683786234,6.839386878937933,-3.6923876116729955,0.35294117647058826,3.331230861407862,31.646756367553394,28.315525506145537,28.769641652914494,17
681393,"Norby, Connor","R","69.343251197",41.44105106805314,19.70061131602081,4.1763222472611155,0.37094017094017095,5.558107637187659,32.27818561244717,26.72007797525951,26.05858578353916,585
680977,"Donovan, Brendan","L","69.324502088",30.35290500427041,7.866915630832326,1.8344740258733407,0.4917582417582418,-1.5199937437262603,24.885973025239217,26.405966768965484,28.484888114096695,728
622569,"Reyes, Pablo","R","69.316990385",26.700675315621726,5.8870374734676325,4.623974262461501,0.5576923076923077,-4.581545478133637,26.731038673527024,31.312584151660662,27.63890713928333,52
665926,"Giménez, Andrés","L","69.312295",31.373994572531778,8.274796183772995,3.006510601926907,0.48611111111111127,2.2260299485065493,29.187192240746548,26.961162292239997,29.342345659402365,648
665828,"Cabrera, Oswaldo","R","69.305669312",32.14451734976265,8.55804857385293,-0.8340222948796592,0.5925925925925924,3.8083126713673385,29.160476635668864,25.352163964301525,27.13586411985988,189
682515,"Porter, Logan","R","69.236596364",29.36715145710799,14.86534728508661,4.604690006872413,0.5454545454545454,-2.078332874114696,26.631926996029975,28.71025987014467,27.22844067199447,11
628451,"Ibáñez, Andy","R","69.228058072",29.29177495545158,6.510893777431971,-2.4760985345903985,0.4728915662650603,0.10266050091489776,28.724369978637494,28.621709477722593,25.481570602351155,332
668800,"Knizner, Andrew","R","69.222260444",25.688134126998424,8.54627974778054,-0.8884469004693119,0.5407407407407407,6.203956930889654,33.708848952036085,27.504892021146432,24.88415952384334,135
681584,"Villar, David","R","69.209375882",35.43673079788082,13.951832499856728,5.512015636755717,0.7352941176470589,-6.0024746622105765,25.870335288029644,31.872809950240217,32.38950866389583,34
682653,"Bernabel, Warming","R","69.208186142",33.84466037020319,4.271930368843495,-17.414498795844725,0.3858267716535433,7.298028812285002,33.564515977995974,26.26648716571097,25.311734621587398,254
666149,"Fitzgerald, Tyler","R","69.195275121",35.149532343243806,13.556121205762505,-4.639518149504539,0.4806763285024155,3.8763092348289963,31.51006636109494,27.63375712626594,25.564424619442967,414
695734,"Lile, Daylen","L","69.151226745",37.85872302752767,9.350319103064546,-1.1734533962489428,0.5108514190317194,-2.4370632521656352,26.532425211130793,28.96948846329643,25.77933420363905,599
690022,"Ritter, Ryan","R","69.140575523",35.187205454351634,10.419814055682002,1.131536932213526,0.4098837209302326,2.127830740859468,27.976222121600202,25.848391380740733,27.40973675957217,344
607680,"Pillar, Kevin","R","69.138335823",32.11759597606885,8.939548869746444,-2.2090772372958223,0.5189873417721519,2.804155168867048,30.940549772182443,28.136394603315395,28.29786948356049,79
666182,"Bichette, Bo","R","69.120509508",37.50038034143441,4.485339850812932,1.3000784871534745,0.339440694310511,-2.823369931705296,24.542980547030673,27.36635047873597,25.0993177612157,1037
672569,"Campero, Gustavo","R","69.091819107",31.542400311856404,12.585244918365245,-2.715575904109977,0.4553571428571429,4.365871113348605,30.272979913650815,25.90710880030221,23.453471739004936,112
641313,"Anderson, Tim","R","69.081139634",36.975544044775965,8.426168135894972,3.6855427845433653,0.5182926829268293,10.855175923925245,28.946843912346925,18.09166798842168,27.058388700601125,164
643565,"Tauchman, Mike","L","69.078247328",34.20714408608628,8.527618638960298,1.117284828127016,0.4809160305343512,-2.983638416102518,30.432035769168376,33.41567418527089,29.630141010409755,655
676609,"Caballero, José","R","69.07288871",31.580727935088515,10.094835343021618,-0.5914313086361356,0.510600706713781,13.255637977002767,34.24136624236072,20.985728265357967,23.850348987874092,566
669701,"Smith, Josh","L","69.062262971",36.515122588228635,8.598320876597278,-1.8522178181468898,0.43126385809312634,-0.9892018339644325,30.775074148614486,31.764275982578926,27.10464689030448,902
691720,"Karros, Kyle","R","69.061122757",37.83756863832022,7.447315837208335,-7.2050220225857045,0.4609053497942387,9.203743844682355,28.409268225340035,19.205524380657682,28.91236315860619,243
672279,"Siani, Michael","L","69.049441429",30.049741832447342,8.796186323557173,4.620001473841982,0.39285714285714285,1.4321168839806677,26.504855863436966,25.072738979456297,28.019633180246693,28
695238,"Wagner, Will","L","69.048947831",31.831919504087256,4.723950648792988,0.5335624020718638,0.3529411764705882,1.7604084967136644,26.82152429707277,25.061115800359108,27.354631568068545,272
687363,"Scott II, Victor","L","69.026271338",32.20404942811463,9.7369191344454,-1.826587852497445,0.5353846153846155,8.319320098974734,31.76883509437298,23.449514995398246,24.0829659744687,650
605141,"Betts, Mookie","R","69.024111477",34.61544868926723,9.237669378255813,-5.473605788040421,0.5569767441860465,7.496571935723745,33.19730262455145,25.7007306888277,28.642898316671054,860
701675,"Church, Nathan","L","69.002531667",34.359943959253265,5.43899884975069,1.8446654786769474,0.31578947368421056,-1.7911157170057823,29.94527913086288,31.736394847868663,28.21454006414008,114
621512,"Nido, Tomás","R","68.989770806",31.434218375348564,12.342372511808215,7.034396422725507,0.6129032258064516,-0.5343972686685989,23.222534590257126,23.756931858925725,32.59827672414518,62
645277,"Albies, Ozzie","R","68.983518707",34.90525686346712,12.742388793243013,-5.341935998637232,0.5851917930419268,2.2671773978558596,36.86643465477242,34.59925725691657,21.594292225689614,1121
680577,"Keirsey Jr., DaShawn","L","68.977460323",31.23304949423787,3.9376710374796895,6.741365737263555,0.3419354838709677,-5.736870107829027,20.557378877374916,26.294248985203943,28.012603291879838,155
670623,"Paredes, Isaac","R","68.963111045",32.505431565772426,15.565740755645104,-15.420766820136842,0.556067588325653,6.956554680010887,37.82379265729072,30.86723797727982,25.83486971045713,651
641680,"Heim, Jonah","R","68.955558448",28.606553072712966,10.974982338929685,0.4224815082036837,0.592442645074224,-0.8886990010164854,28.253359932049246,29.14205893306573,30.875772298544792,741
669326,"Teodosio, Bryce","R","68.92812518",32.69119646754995,9.416172243490816,1.7661567560835914,0.5107913669064748,6.617185800765958,30.193981593331383,23.576795792565424,29.294057323301228,278
624431,"Trevino, Jose","R","68.922672676",23.283502320660116,9.087526899965333,-2.278259038715911,0.7276995305164318,9.362598961319268,30.38153660474812,21.018937643428853,32.47677047057017,426
578428,"Iglesias, Jose","R","68.879505928",33.56532687218433,2.732352022791989,3.9448001168962645,0.3371212121212122,2.3509236703529366,24.812261313586358,22.461337643233424,27.288167403071203,528
543592,"Nola, Austin","R","68.863981912",30.218610717275084,5.428361913920645,2.875499338982272,0.38235294117647056,3.4985836221368394,27.779045270207916,24.280461648071075,26.991481751585287,68
670276,"Stevenson, Cal","L","68.854708",31.686861563258343,9.915053760939557,7.401370785896325,0.5,3.768925540101251,25.05973941889413,21.290813878792882,31.902439755127904,10
682868,"Ramos, Bryan","R","68.835045",28.034187526519876,7.049289158285941,-3.7657693909387353,0.5499999999999999,0.03038059701561968,25.141501153550983,25.11112055653536,30.091052078467847,20
669369,"Johnson, Bryce","R","68.815891776",37.277436344524425,8.858587129882864,2.606758172550931,0.4672897196261682,-1.213214734021002,30.50976139161942,31.72297612564042,26.418101410536103,107
605113,"Ahmed, Nick","R","68.796754375",26.35267503307862,15.780905409347778,-0.9256498156252613,0.8125,1.1406805477209048,32.962851541718365,31.822170993997453,32.29247493388951,16
670764,"Walls, Taylor","R","68.779348441",34.338955362902475,10.229470443491241,3.9379664357790993,0.5809716599190282,-3.1652948793277123,26.147957648338895,29.313252527666606,26.13595276804727,494
666163,"Rortvedt, Ben","L","68.768530049",28.843096059843564,10.857193644958116,-0.8391912286529347,0.5951219512195121,1.479405979902761,28.795995277429704,27.31658929752694,27.027069924355438,205
643217,"Benintendi, Andrew","L","68.746355636",32.48316023260338,15.86782445303846,-5.117332575062775,0.5465268676277851,4.366788823539619,35.24690833966418,30.88011951612456,22.412387399372452,763
571912,"Maile, Luke","R","68.742702658",34.03645558443352,10.660624303472563,2.961318045057682,0.5443037974683544,4.267578439452623,31.840967091176065,27.573388651723437,24.916925589452212,79
669256,"Solak, Nick","R","68.725744118",29.718104882676048,13.96394751954552,1.7543594096960229,0.5882352941176471,0.30729459093314837,29.242847771562094,28.935553180628943,27.708383541443204,17
669200,"McCoy, Mason","R","68.718120323",29.777655350440185,7.77590674099082,-2.0126387138443294,0.5483870967741935,2.5314946475561317,29.370362424683808,26.838867777127682,29.20386434935447,31
666185,"Carlson, Dylan","R","68.71608245",36.086123540233686,10.811341478336093,0.647038850632954,0.5625,-1.2611535917732437,27.714069287817587,28.975222879590838,25.437279493258107,400
592192,"Canha, Mark","R","68.672879951",32.37803144184538,11.432207576907134,-1.0036158590296456,0.5392156862745098,5.254607961579925,30.437006295963084,25.182398334383166,26.621307654715142,204
690987,"Hassell III, Robert","L","68.651956796",38.09755392018283,11.821977923649985,7.2103267807670335,0.5688622754491017,2.3723445590704935,33.700957206566706,31.32861264749621,25.745232234050956,334
669392,"Taylor, Samad","R","68.64366",36.590332738401266,17.097540007568686,-9.708063692258623,0.30000000000000004,20.085369891893635,39.928588446107646,19.843218554214015,21.795380018648146,10
680474,"Schuemann, Max","R","68.634045875",30.496669770770655,8.267993380695232,2.6615349358864417,0.5406250000000001,-4.038239717373017,26.215328685392898,30.25356840276591,28.643392540295395,320
570482,"Urshela, Gio","R","68.63193467",36.1829163079659,10.961477962486036,3.589736502187382,0.5816618911174786,1.0477900155231106,31.954754362521022,30.906964346997906,28.176038839670937,349
691185,"Acosta, Maximo","R","68.502140244",26.560667243567146,12.969760705735673,-1.522867814640775,0.7195121951219512,4.535054357148654,33.889465083043504,29.354410725894848,24.600690812514003,82
660644,"Bruján, Vidal","R","68.489212645",32.31017611822959,7.879279078398279,1.1113053701301807,0.5354838709677421,-3.5812275629856427,28.363687199874885,31.944914762860527,28.763049199453416,155
687462,"Horwitz, Spencer","L","68.488653944",35.875693050972195,9.928940977462696,-1.8290845909981255,0.44903988183161003,0.6019476016559994,30.0282688580844,29.426321256428395,25.22851119330177,677
666150,"Fletcher, Dominic","L","68.47868339",25.755258034251277,6.655067249885168,-3.49106269283305,0.5423728813559322,0.05902668485252391,31.357404944851186,31.298378259998657,25.195705504869522,59
681962,"Capra, Vinny","R","68.472086338",33.721024748682304,11.64677851787814,-5.71249558878019,0.528169014084507,2.80946459185045,30.40122206122842,27.591757469377967,27.413837104474727,142
605353,"Machín, Vimael","L","68.468196",24.147365268199813,8.767244897164762,4.893633334503276,0.5,-0.8906817541580256,27.662972226766463,28.553653980924487,32.92250992383289,20
669289,"Espinal, Santiago","R","68.461301238",34.57703837931831,6.712062058411852,-1.8205510714863624,0.5109780439121756,-4.899174714463705,31.742128817461303,36.641303531925004,25.82279638364575,501
663538,"Hoerner, Nico","R","68.456066883",33.289006958978895,5.855768581487978,-1.9004011055951746,0.4787449392712551,-2.6303612601817274,27.12467494106199,29.75503620124371,27.56343419415775,988
543760,"Semien, Marcus","R","68.434827283",34.77435718404052,15.774369825596027,-3.855597990932919,0.5664739884393063,2.486855130450167,30.49300613017348,28.006150999723314,23.99078964654857,865
676694,"Meyers, Jake","R","68.385551437",32.414758408862276,6.861773007273904,-2.40832553063156,0.42720306513409967,-0.8810065978007998,29.73204024607371,30.613046843874507,30.58346804805202,522
655316,"Monasterio, Andruw","R","68.379363276",34.82508163083825,13.452723806136754,-4.36165263877834,0.5258620689655171,7.291292795550186,34.77341837051548,27.482125574965295,25.37351038301797,232
808982,"Lee, Jung Hoo","L","68.34337596",39.44108903197358,5.21071484270766,-4.622118773709067,0.4072447859495061,3.5264058894452557,30.20919067248449,26.682784783039224,21.11696375788402,911
696285,"Young, Jacob","R","68.340023435",31.105283700384653,5.95581644293418,3.9056975493437402,0.5040650406504066,-3.5752401221277177,26.20595099551344,29.78119111764115,31.493070096597084,492
691594,"Sanoja, Javier","R","68.329038662",20.400800278797753,2.2214390863588402,-3.0221586892933283,0.32271762208067944,6.424438400480579,27.391081720012068,20.966643319531492,27.54496210374401,471
671976,"Peters, Tristan","L","68.31505619",32.024449014362716,17.07641561337365,-2.942702169173335,0.42857142857142855,5.546345912630215,30.538343974927148,24.991998062296936,31.322982790140422,21
668845,"Schunk, Aaron","R","68.307601148",35.263462035621735,5.9132751462915705,-1.4091457751883874,0.42622950819672134,2.9065521127008322,30.00880358264873,27.102251469947902,28.727441559442457,61
656896,"Rivera, Emmanuel","R","68.30673009",32.3570593360558,6.256665933661861,0.16364959420084652,0.5339366515837103,6.97129792066413,30.0792927308074,23.107994810143268,25.054969715873757,221
622268,"Walton, Donovan","L","68.289661667",32.937183295094734,12.808046950022762,-1.6989274471274403,0.5,3.3048343707864745,32.498604173077865,29.193769802291392,28.89047260080099,12
675659,"Jones, Greg","L","68.27423",33.10955477279631,7.296880021205626,10.31789840446255,0.33333333333333337,7.0381450123513325,26.986451289834736,19.948306277483404,23.340069324140547,6
672695,"Perdomo, Geraldo","R","68.256621416",35.39138390585212,7.430213965136822,-1.8160983881023758,0.49852507374631283,6.635499230131102,25.283669091004125,18.648169860873022,25.55130624311838,1017
681146,"Bride, Jonah","R","68.243294698",30.939077902360648,16.31418021693605,-1.6526633760305938,0.5167785234899329,8.289643490306327,34.29579417609015,26.006150685783815,30.763319188909275,149
668885,"Martin, Austin","R","68.24229465",39.900592519305775,10.268957000502246,-3.4536813734252307,0.5802469135802469,-2.766582550506202,30.604661899158252,33.37124444966447,26.794204073998014,243
643289,"Dubón, Mauricio","R","68.19521828",29.83085791606129,5.4765729862639825,1.114723139556646,0.459807073954984,0.6680968086358421,26.869561281967233,26.201464473331384,28.32057707158361,622
686217,"Frelick, Sal","L","68.189706979",28.142740334850565,8.600187171150141,-1.7975149677336386,0.5194508009153318,-3.1322160308376827,27.78817518005376,30.920391210891445,27.366609162600557,874
687231,"Hernaiz, Darell","R","68.18757899",32.57133823096296,6.00938042781286,0.6462905977694005,0.4625407166123779,-3.31913861222679,27.49048267761278,30.80962128983957,27.1537455057356,307
678489,"Barrosa, Jorge","R","68.17298587",27.880501619068358,15.385576681778053,-6.5630510509926685,0.5797101449275363,7.7090859917194035,31.319985774446078,23.61089978272667,27.6337736476823,138
500743,"Rojas, Miguel","R","68.147817443",32.10566898909889,7.61270786564439,-4.357613936776909,0.4931506849315068,5.253234473116462,34.75356751621162,29.50033304309515,28.675195833535838,438
680700,"Palacios, Richie","L","68.1199375",22.95918743349843,6.357948975990201,-1.4653351353914663,0.5781249999999999,-3.5081217665888427,28.701949143768616,32.21007091035746,27.906430194830893,64
621028,"Newman, Kevin","R","68.08317224",31.718299997585437,6.71296404465658,-2.37048010606021,0.45833333333333337,5.984031657669204,32.13536003608875,26.151328378419535,27.214116185902654,192
624415,"Biggio, Cavan","L","68.042444955",36.93555597038347,13.803923668855473,-6.68004204113105,0.5675675675675677,2.8723903711576457,30.612937827126373,27.740547455968727,24.85523889244157,111
665877,"Fermín, José","R","68.031645529",33.57025913160237,9.063693740838671,-4.677545847908749,0.5529411764705883,-3.9317514306881334,29.716389691743007,33.64814112243114,26.006045264524797,85
664770,"Lukes, Nathan","L","68.021301805",31.692031049899363,7.409234971807242,8.03131208335092,0.43668122270742343,-0.5829909117915253,26.244920241578846,26.827911153370362,30.67172871033181,687
608671,"Jankowski, Travis","L","68.017074789",33.95730961233062,-4.039143182432198,-1.885818156270638,0.15492957746478872,-7.829867664230593,22.640220482401965,30.470088146632555,28.197015952234807,71
686765,"Sogard, Nick","R","67.928675374",32.70091435258992,15.171150068244554,-4.740414015588102,0.4761904761904762,20.60061097911659,39.265727941592445,18.665116962475853,27.655154425422126,147
702332,"Durbin, Caleb","R","67.915193605",27.558711785138158,8.058809916024417,-3.9756295992865756,0.6380543633762517,-4.525200741202441,27.83921894192387,32.364419683126314,27.16432263127875,699
678225,"Bae, Ji Hwan","L","67.8941485",30.757298117222906,5.562694149232659,7.933223558866466,0.37500000000000006,-4.777953148185269,26.120993054773557,30.89894620295882,25.534559022988322,40
689172,"Wisely, Brett","L","67.84010887",33.17914146960438,10.281572722857902,-0.8668008725932008,0.5304347826086957,5.8111667052100495,30.43636160017206,24.62519489496201,23.117481460854737,115
668942,"Rojas, Josh","L","67.781865987",32.123593490036136,9.875169912019317,1.1584395717914548,0.5605095541401275,-8.338948415406218,24.25047712402719,32.5894255394334,29.610736210311558,314
683021,"Stefanic, Michael","R","67.781265185",32.12198461446806,6.147158016249856,-0.8155129446633324,0.29629629629629634,4.215188785870804,30.180099904394744,25.964911118523943,27.968697973303264,27
670032,"Lopez, Nicky","L","67.7394365",26.45774924465187,7.899382948103862,3.7108349032218113,0.5,6.788824742136364,28.689059406058355,21.900234663921992,29.51371437211394,40
642086,"Smith, Dominic","L","67.734584712",35.24219913859771,12.48124010312881,-4.046454547343762,0.5260273972602738,5.3559923194826276,35.72734462586569,30.371352306383056,26.370311504126356,365
805373,"Alvarez Jr., Nacho","R","67.721384608",30.354112401880663,6.206382968039425,0.04604129440406485,0.42320819112627983,-3.3147548837966654,28.869031206281967,32.18378609007862,26.619047562939794,293
676391,"Clement, Ernie","R","67.606727925",32.22439195043857,11.577831544104,-3.095579177188097,0.5932400932400932,8.516740652222406,31.139348205341992,22.622607553119593,28.265919430578375,858
518934,"LeMahieu, DJ","R","67.585440684",28.313852137657403,5.665654319627319,12.649562738312286,0.48421052631578954,-8.254984254272687,22.093631816676364,30.348616070949056,32.9503951290491,190
656716,"McKinstry, Zach","L","67.540293898",37.427320057529876,9.895872879460716,1.359361405971896,0.43127962085308064,-0.07197193517412566,27.293121332667912,27.36509326784204,26.451612067129158,844
670156,"Mastrobuoni, Miles","L","67.533226318",32.90572849076558,8.161371143634582,-2.5568742538505678,0.44090909090909086,7.8134648282381916,33.761733851418754,25.94826902318057,27.28832987006582,220
694384,"Schanuel, Nolan","L","67.529340396",38.4962787766825,8.633209220588933,-1.006502426891721,0.4610630407911001,0.7457914565063295,30.75024796004105,30.00445650353474,23.252882729647265,809
700337,"Quero, Edgar","R","67.499071944",31.514806672741447,6.01805261468461,9.498417721785001,0.521604938271605,-9.057118056519492,25.126751438044113,34.18386949456361,29.615911738692525,648
805367,"Meidroth, Chase","R","67.434461228",29.379808617924613,6.673114837827288,2.0723385516779897,0.48699421965317913,-2.446223399046499,29.146436938991183,31.592660338037685,28.23152244355699,692
668974,"Handley, Maverick","R","67.391062179",30.46198246365624,6.130051011720256,6.668317444323919,0.5000000000000001,-2.4965037602495785,27.0492046987897,29.54570845903928,25.342260221905896,78
657077,"Verdugo, Alex","L","67.374175357",30.931885731019342,1.8386112278626696,-0.6331878577279579,0.30714285714285716,-0.031009304492877362,32.0575342185847,32.088543523077576,23.406870958135606,280
689414,"Hicks, Liam","L","67.367119801",32.63194577980076,9.06379800995409,-1.8629324434518175,0.48707753479125254,2.687847209631477,30.100778231662087,27.41293102203061,26.262323091346843,503
663967,"Salazar, César","L","67.338380476",32.61191709419895,10.798352066962584,0.4856106764070707,0.6666666666666666,-0.6303431823450326,28.87454142063933,29.50488460298436,25.34368890893936,21
683227,"Freeman, Cody","R","67.314243586",25.682903510596176,10.314900685501707,-2.6227858060687663,0.696969696969697,7.437467880775298,34.53254386400079,27.09507598322551,26.271804636404728,198
663968,"Mangum, Jake","R","67.308387186",29.25321327338614,2.275959399731846,11.538001411067993,0.31043593130779396,-5.443635105522813,21.023903015152403,26.4675381206752,28.52339069576436,757
808975,"Kim, Hyeseong","L","67.304902184",41.61010657221928,10.136505708625508,0.01840430125021935,0.378839590443686,-1.4195954043560854,25.45977568399296,26.879371088349046,26.03716260822172,293
687957,"Harris, Dustin","L","67.205312222",40.26009971861741,11.669560186767459,-8.818762255568208,0.3209876543209877,16.262048676041317,34.52898912635099,18.26694045030968,23.970751380769588,81
607732,"Stallings, Jacob","R","67.137767915",31.739205882765816,12.2528555159504,3.4915674947419055,0.5106382978723404,0.6762700235734262,27.33473258092371,26.658462557350287,28.454744548614297,235
506702,"León, Sandy","R","67.10968",32.41092410261279,16.919567146243907,-2.7132061745439255,0.4736842105263158,-0.8886622695252753,32.51424205604428,33.40290432556956,29.076528630986964,19
641645,"Guillorme, Luis","L","67.106901471",34.85944124709377,9.692758118928946,6.386213395583352,0.4411764705882353,-4.0374435394294075,25.33933082966651,29.376774369095912,26.931647548331373,34
641658,"Hampson, Garrett","R","67.087882835",30.52533249713135,9.411924802854305,-2.8694815211042606,0.48031496062992135,-1.6448868661302423,33.37117460652346,35.01606147265371,28.173183374200057,127
664702,"Straw, Myles","R","67.066441221",35.79613114855357,6.637203380929731,3.346646034601961,0.44835680751173707,-3.0294174797390307,26.209021479696958,29.238438959436,25.933109302741308,426
645302,"Robles, Victor","R","67.033566963",33.32301664491069,9.633208000826913,-3.2602809696965673,0.47643979057591623,13.92956734131112,23.352973855865045,9.423406514553923,31.138405685689037,191
543877,"Vázquez, Christian","R","67.008163814",26.76898380373603,7.619850974421242,-1.1440947389593954,0.5833333333333333,5.800647519537947,33.19997127985945,27.399323760321494,27.56232886998992,312
645444,"Herrera, Jose","R","66.951755288",33.14809285420856,7.367111196585439,-5.399632369763034,0.4784172661870503,6.808813549634914,30.520283350435584,23.71146980080066,25.960242738589585,278
807712,"Keaschall, Luke","R","66.931252353",35.56959799232556,8.13660285127759,-1.131323792926723,0.5,9.758321506599236,33.09228475409858,23.33396324749934,27.60420775332184,272
678011,"Seigler, Anthony","L","66.909412653",35.12724347352724,12.100584665882067,5.908570455012071,0.5918367346938777,-1.4982708481849656,30.941818332648598,32.44008918083357,26.86352772534643,98
682183,"Avans, Drew","L","66.904472857",28.106374030080655,1.376805864144226,5.978839983804761,0.2380952380952381,3.0840394500787838,26.65779263162963,23.573753181550842,25.212494488881653,42
670092,"Brooks, Trenton","L","66.888778293",30.986080987235713,14.521864945902776,0.034616944999188826,0.6219512195121951,1.2696358532558192,28.58732704851157,27.31769119525575,25.298179305517383,82
669364,"Edwards, Xavier","R","66.87790447",31.121390926711854,2.684583817006099,2.4372862419668033,0.341991341991342,8.810051659162943,28.510192735938784,19.700141076775843,24.395534484884266,924
676070,"Amaya, Jacob","R","66.808392584",29.80743355874684,8.238282770640813,5.406477385794875,0.6629213483146067,-4.056782897077183,25.17819133520484,29.23497423228202,28.298143951618428,89
553882,"Narváez, Omar","L","66.745304118",34.08539889445286,11.033468158371763,-0.1560286780249509,0.7647058823529412,-1.8090374382110532,28.42441748381289,30.23345492202394,28.6566025033704,17
642727,"Alcántara, Sergio","R","66.724226667",36.561197432681524,8.747735964335028,2.2745254376588595,0.6666666666666667,0.9827727500658932,28.920098600031704,27.93732584996581,27.450578237395288,6
686452,"Millas, Drew","R","66.675863951",34.24946087849364,3.0262188422347585,0.5667897737009953,0.271604938271605,-4.778042851513738,25.203264049805995,29.981306901319734,24.273110450983047,81
605131,"Barnes, Austin","R","66.652822667",28.86602703937946,4.478625207423491,2.4494676997639786,0.3333333333333333,3.2025095885521546,30.05140973994116,26.848900151389003,27.768901859169006,60
571657,"Farmer, Kyle","R","66.581971314",33.48796871473539,12.667998318847411,-0.8382162031501967,0.4851694915254237,5.473567474121137,32.593155234875866,27.119587760754722,27.503925078955668,472
660844,"Rivas, Leo","R","66.569247667",37.980312030258034,15.436475300737586,-2.8206448140382174,0.5666666666666668,1.086326308234705,31.386932766829332,30.300606458594626,23.364178339913753,150
643396,"Kiner-Falefa, Isiah","R","66.566837869",32.483090560703694,4.42009926467984,3.6643182107671817,0.37518248175182484,-0.6936909949979435,28.843201089524847,29.536892084522794,27.796076567088722,685
571466,"Barnhart, Tucker","L","66.458530909",31.02413325463614,7.827500980522776,-2.069481155596545,0.5909090909090908,-0.1243008969016251,32.04382671164624,32.16812760854786,26.983808076849417,22
674441,"Hurtubise, Jacob","L","66.425513913",36.705042644075235,5.100617504245127,0.9600364596513037,0.5217391304347826,-9.987715201703125,23.57823888927214,33.56595409097526,24.069365913499748,23
663897,"Williams, Luke","R","66.29433587",33.92063728643839,11.215879943125884,-4.01665078378989,0.4782608695652174,7.330366923709775,31.64431449423842,24.313947570528647,27.38284051184592,46
457759,"Turner, Justin","R","66.29025578",34.424336608827886,9.049018481176805,1.8086977330072365,0.5076452599388379,3.864308970750806,37.023100006486395,33.1587910357356,21.99483040379253,327
689041,"Thomas, Rhylan","L","66.226537368",30.500389402285144,4.421265257777495,2.076788649695705,0.42105263157894735,-0.2774985043493112,29.485017906166753,29.762516410516064,29.254709472363622,19
623168,"Heineman, Tyler","R","66.186973773",28.899063224496956,6.48578429897655,-12.50298020306634,0.4505494505494505,6.147667682039645,34.833048495154586,28.68538081311494,28.5373205769323,273
676701,"Trejo, Alan","R","66.093812353",36.85110678421267,15.954260941843668,-1.7623081362849622,0.49999999999999994,7.145221423644362,34.91199463597274,27.76677321232839,28.847193813624664,68
669743,"Call, Alex","R","66.083924033",33.44524188578621,7.0025664724803525,8.198742146818535,0.46853146853146854,-6.215118632499003,27.48532947743264,33.70044810993165,27.381760544027117,429
660688,"Ruiz, Keibert","R","66.06959253",34.190595988424064,10.371619994486196,-8.978568194670977,0.5279805352798054,2.65378526160076,36.89091342025723,34.23712815865647,24.83142337032525,411
456781,"Solano, Donovan","R","65.948103889",33.94969191254544,8.810383986234518,-1.7976720820850298,0.3758169934640523,1.6820541854414763,28.906592228831315,27.224538043389835,26.991452832702752,306
665561,"Marchán, Rafael","R","65.894440955",32.39569207770107,11.281079451633637,-1.5607896625544018,0.5,4.510836561692198,30.596841348899744,26.086004787207543,28.003732921685476,178
624428,"Frazier, Adam","L","65.886248467",39.18012178342181,11.392098249640975,3.0224019335257357,0.45611866501854137,2.9233234818564955,24.042431407949337,21.119107926092838,22.08754674962072,809
527038,"Flores, Wilmer","R","65.529887795",32.142502616786686,11.227195539022711,-6.604416838047234,0.4980544747081712,3.6973733473096506,31.38298673651646,27.68561338920681,25.257294474623283,771
691011,"Romo, Drew","R","65.165045714",35.28850316268815,15.594932187435404,-11.787649938705227,0.28571428571428575,13.039051021383916,37.82655852006443,24.787507498680522,26.447317662978854,7
642180,"Wade, Tyler","L","64.99597237",31.763703708791866,7.3176288380126495,-1.3431167835726086,0.4566473988439306,-3.055940608320709,27.916477984607585,30.972418592928296,27.291558489765873,173
669397,"Allen, Nick","R","64.516880846",30.282519550429072,7.265879398447094,-0.6661375816890964,0.4827586206896552,4.802493637055839,32.10387725665509,27.301383619599243,27.06412555158528,638
802415,"Simpson, Chandler","L","64.18700183",30.17002739955559,3.5065480999119507,6.9014147919671895,0.392156862745098,-6.247654203475064,20.966234024300896,27.213888227775964,31.99194272571928,612
805779,"Wilson, Jacob","R","63.852425237",35.15882154384399,2.8471778957640805,-1.0724793348651611,0.3635097493036211,2.0390035078842135,30.58805122904707,28.54904772116285,25.669903014967232,718
680757,"Kwan, Steven","L","63.681147338",35.61840002011842,3.24277831573638,-2.5076212822356165,0.3532494758909853,6.95104491111992,29.79413493138488,22.843090020264956,22.6669247845288,954
691907,"Cheng, Tsung-Che","L","63.306311667",29.451334470248685,-0.924399587302395,15.542954235472486,0.25000000000000006,-11.81144264420281,21.57471023036827,33.38615287457108,24.20370995270491,12
624513,"Nuñez, Dom","L","63.150185",31.851418739873807,20.21813969240182,-20.5187316698437,0.125,21.271420139298527,42.7138285223765,21.442408383077982,27.548072803138492,8
650333,"Arraez, Luis","L","62.648735321",37.43745146438694,5.616089661979369,4.621656466227658,0.40276406712734436,-2.8280356675852505,31.48458970721108,34.312625374796326,26.01993614615832,1013